"","pathway","pval","padj","log2err","ES","NES","size","leadingEdge"
"1","hsa00970 Aminoacyl-tRNA biosynthesis",0.632302405498282,0.90003405467323,0.0598603117764473,-0.326747418416699,-0.861280121417427,44,"c(""EPRS1"", ""GARS1"", ""TARS1"", ""NARS1"", ""DARS2"", ""IARS2"", ""DARS1"", ""IARS1"", ""FARSB"", ""SARS1"", ""TARS3"", ""WARS2"", ""LARS1"", ""RARS1"", ""SARS2"", ""YARS2"", ""YARS1"", ""RARS2"", ""KARS1"", ""QRSL1"", ""CARS1"", ""VARS1"", ""AARS1"")"
"2","hsa02010 ABC transporters",0.0667808219178082,0.363840340103921,0.227987202850442,-0.581976383710516,-1.5416185017998,45,"c(""ABCG8"", ""ABCB11"", ""CFTR"", ""DEFB1"", ""ABCG5"", ""ABCC6"", ""ABCA4"", ""ABCA12"", ""ABCA6"", ""ABCB4"", ""ABCA8"")"
"3","hsa03008 Ribosome biogenesis in eukaryotes",0.35108153078203,0.729880024520536,0.0883594442500905,-0.377363039139882,-1.07775718870497,75,"c(""RIOK1"", ""NOP58"", ""RPP25"", ""GAR1"", ""MPHOSPH10"", ""NMD3"", ""CSNK2A3"", ""SBDS"", ""HEATR1"", ""GNL2"", ""WDR43"", ""WDR75"", ""XRN2"", ""GNL3"", ""RPP40"", ""WDR36"", ""GTPBP4"", ""CSNK2A2"", ""NVL"", ""RIOK2"", ""UTP15"", ""EFL1"", ""WDR3"", ""REXO2"", ""UTP18"", ""MDN1"", ""RAN"", ""NOB1"", ""UTP14A"", ""DROSHA"", ""NXT2"", ""RBM28"", ""UTP4"", ""XRN1"", ""FBL"", ""XPO1"", ""DKC1"", ""BMS1"", ""TCOF1"", ""FCF1"", ""FBLL1"", ""UTP6"", ""CSNK2A1"", ""NOP56"", ""REXO5"", ""AFG2A"", ""NXT1"", ""LSG1"", ""POP7"", ""EIF6"", ""RPP30"", ""LOC102724159"", ""NOP10"")"
"4","hsa03010 Ribosome",0.193215339233038,0.576000445260756,0.11776578836269,-0.373198099056469,-1.17904512116789,165,"c(""RPL22L1"", ""RPS24"", ""MRPL1"", ""MRPS36"", ""RPL34"", ""RPL21"", ""RPSA2"", ""RPL36AL"", ""RSL24D1"", ""RPL5"", ""RPL26"", ""RPL26L1"", ""MRPS9"", ""MRPL3"", ""MRPL32"", ""RPS27"", ""MRPL39"", ""MRPS31"", ""MRPL47"", ""RPL11"", ""RPS3A"", ""RPS4X"", ""MRPS14"", ""RPL14"", ""RPS7"", ""RPL23"", ""RPS13"", ""RPS12"", ""MRPL19"", ""RPS23"", ""RPL6"", ""RPS25"", ""MRPS18C"", ""RPS20"", ""RPL9"", ""RPLP0"", ""RPL4"", ""MRPS15"", ""RPL7"", ""RPL38"", ""MRPL37"", ""MRPS35"", ""RPS26"", ""MRPL9"", ""MRPS10"", ""RPL10A"", ""RPL35A"", ""RPL36A"", ""RPL13"", ""RPL24"", ""MRPS30"", ""MRPL18"", ""RPL23A"", ""RPL32"", 
""RPL37"", ""MRPL50"", ""RPL39"", ""RPS18"", ""MRPL33"", ""RPS6"", ""RPS15A"", ""RPS27A"", ""RPL31"", ""RPL27A"", ""RPL15"", ""RPSA"", ""MRPL44"", ""RPL35"", ""RPS21"", ""RPL7A"", ""MRPL13"", ""RPS27L"", ""MRPL21"", ""MRPL42"", ""RPL30"", ""RPL19"", ""RPL27"", ""MRPS22"", ""RACK1"", ""DAP3"", ""RPS5"", ""RPS8"", ""RPS11"", ""MRPS21"", ""RPS4Y1"", ""MRPL48"", ""RPL3"", ""RPS3"")"
"5","hsa03013 Nucleocytoplasmic transport",0.571428571428571,0.863635278672873,0.0619762736001998,-0.305892704874637,-0.908374280702956,104,"c(""THOC7"", ""IPO7"", ""IPO5"", ""TPR"", ""UPF3B"", ""KPNA3"", ""PHAX"", ""CSE1L"", ""SAP18"", ""KPNA5"", ""NMD3"", ""XPOT"", ""XPO4"", ""RBM8A"", ""PNN"", ""AHCTF1"", ""EEF1A1"", ""NUP58"", ""UPF3A"", ""NUP155"", ""UPF2"", ""NUP54"", ""TMEM33"", ""THOC1"", ""RANBP2"", ""THOC2"", ""SUMO4"", ""NUP133"", ""NDC1"", ""NUP153"", ""SUMO1"", ""RANBP17"", ""MAGOHB"", ""NCBP1"", ""SUMO2"", ""NUP210L"", ""KPNA4"", ""NUP107"", ""KPNA2"", ""NUP43"", ""SENP2"", ""NUP205"", ""KPNB1"", ""POM121"", ""SRRM1"", ""TNPO1"", ""RAN"", ""IPO8"", ""SNUPN"", ""NUP35"", ""NCBP2"", ""IPO11"", ""POM121C"", ""NUP50"", ""NXT2"", ""SEH1L"", 
""TNPO3"", ""MAGOH"", ""XPO1"", ""NUP93"", ""THOC5"", ""RAE1"", ""XPO5"", ""NUP160"", ""NUP37"", ""XPO7"")"
"6","hsa03015 mRNA surveillance pathway",0.713815789473684,0.992593957258659,0.0521630305460055,-0.285871157668162,-0.834499214482773,90,"c(""PAPOLB"", ""MSI1"", ""UPF3B"", ""SAP18"", ""PABPC4L"", ""PPP2R5E"", ""PPP2CB"", ""RBM8A"", ""PNN"", ""UPF3A"", ""HBS1L"", ""PPP2R5A"", ""UPF2"", ""PABPC1"", ""ETF1"", ""MAGOHB"", ""NCBP1"", ""PPP1CB"", ""FIP1L1"", ""PELO"", ""PABPC4"", ""CSTF1"", ""CPSF3"", ""NUDT21"", ""RNGTT"", ""PABPC5"", ""PPP2R3C"", ""GSPT1"", ""PAPOLG"", ""SRRM1"", ""PAPOLA"", ""SMG7"", ""PCF11"", ""PPP1CC"", ""NCBP2"", ""NXT2"", ""MAGOH"", ""PPP2R3A"", ""PPP2R2A"", ""CPSF2"", ""PPP2R2D"", ""RNMT"", ""SMG1"", ""PPP2R1B"")"
"7","hsa03018 RNA degradation",0.465430016863406,0.812960645251008,0.0739901439101341,-0.340709191829561,-0.971709011338757,74,"c(""PNPT1"", ""HSPA9"", ""HSPD1"", ""PABPC4L"", ""BTG3"", ""EXOSC9"", ""DIS3"", ""LSM3"", ""LSM5"", ""DHX36"", ""TENT4B"", ""C1D"", ""ENO2"", ""XRN2"", ""EXOSC8"", ""PABPC1"", ""MPHOSPH6"", ""SKIC3"", ""CNOT7"", ""PABPC4"", ""PABPC5"", ""CNOT4"", ""MTREX"", ""DCP1B"", ""ZCCHC7"", ""EXOSC3"", ""LSM8"", ""CNOT6"", ""PAN3"", ""PATL1"", ""XRN1"", ""CNOT2"", ""PARN"")"
"8","hsa03020 RNA polymerase",0.821052631578947,1,0.048701086452153,-0.290644009299544,-0.734756954343974,34,"c(""POLR1F"", ""POLR3G"", ""POLR2I"", ""POLR1D"", ""POLR3C"", ""POLR3GL"", ""POLR2K"", ""POLR2B"", ""POLR2M"", ""POLR1B"", ""POLR3B"", ""POLR3F"", ""POLR2D"", ""CRCP"", ""POLR1E"", ""POLR2C"", ""POLR2H"", ""POLR1G"", ""POLR2J"")"
"9","hsa03022 Basal transcription factors",0.286458333333333,0.711415904682738,0.102821842840815,-0.429272930382256,-1.113662224996,42,"c(""GTF2F2"", ""TAF9B"", ""TAF13"", ""MNAT1"", ""TAF7L"", ""GTF2H1"", ""GTF2E2"", ""CDK7"", ""GTF2A1"", ""TAF7"", ""TAF5L"", ""GTF2A2"", ""TAF1L"", ""TBPL1"", ""TAF3"", ""TAF11"", ""TAF4B"", ""CCNH"", ""TAF12"", ""GTF2I"", ""GTF2H5"", ""GTF2H3"", ""TAF4"", ""GTF2B"", ""TAF15"", ""TAF2"")"
"10","hsa03030 DNA replication",0.420875420875421,0.812960645251008,0.0791316651768349,-0.388516405562785,-1.00433603940782,36,"c(""RFC3"", ""PCNA"", ""RFC1"", ""RPA4"", ""RFC5"", ""POLE2"", ""MCM6"", ""SSBP1"", ""RFC4"", ""MCM3"", ""MCM4"", ""MCM7"", ""RFC2"", ""DNA2"", ""RPA1"", ""POLE"", ""POLA1"", ""PRIM2"", ""POLE3"")"
"11","hsa03040 Spliceosome",0.1201248049922,0.451898075923037,0.158514105424824,-0.418047136883855,-1.27871228714395,133,"c(""HNRNPCL2"", ""HNRNPCL1"", ""HSPA1A"", ""SYF2"", ""PRPF40A"", ""SF3B6"", ""BUD31"", ""LOC102724594"", ""RP9"", ""HNRNPA1L3"", ""BCAS2"", ""LSM3"", ""CDC5L"", ""LSM5"", ""RBM8A"", ""SNRPF"", ""SNRPB2"", ""PRPF38B"", ""SNRPE"", ""SNRNP27"", ""SNRPD1"", ""CDC40"", ""SNW1"", ""HNRNPA1"", ""U2SURP"", ""SLU7"", ""TCERG1"", ""DDX46"", ""THOC1"", ""SNRPA1"", ""SNRPD3"", ""PLRG1"", ""THOC2"", ""PRPF38A"", ""RBM17"", ""SF3A3"", ""PPIL1"", ""CRNKL1"", ""MAGOHB"", ""NCBP1"", ""AQR"", ""TRA2A"", ""SRSF5"", ""PRPF4"", ""HSPA1B"", ""RBM25"", ""SNRPC"", ""HNRNPU"", ""HNRNPA3"", ""SMNDC1"", ""U2AF1"", ""SNRPG"", 
""CWC15"", ""DHX15"", ""WBP11"", ""SF3B1"", ""LSM8"", ""NCBP2"", ""PRPF3"", ""SF3B4"", ""MAGOH"", ""ZMAT2"", ""PRPF6"", ""PHF5A"", ""HNRNPK"", ""PQBP1"", ""HNRNPM"", ""RBMX"", ""USP39"", ""SF3B3"", ""TRA2B"", ""SRSF3"", ""RBM22"", ""SNRNP200"", ""SNRNP40"", ""HSPA8"", ""PPIE"", ""TXNL4A"", ""SRSF2"", ""SRSF9"", ""SRSF10"")"
"12","hsa03050 Proteasome",0.978468899521531,1,0.0549073703290958,0.196183839464605,0.563583303134948,45,"c(""PSMA8"", ""PSMB8"", ""PSME2"", ""IFNG"", ""PSMB9"", ""PSMB10"")"
"13","hsa03060 Protein export",0.458781362007168,0.812960645251008,0.0778840111977068,-0.402457532317494,-0.998052376711403,31,"c(""SRP14"", ""SEC11C"", ""SEC62"", ""SRP72"", ""SRP9"", ""SRP54"", ""SEC63"", ""HSPA5"", ""IMMP1L"", ""SEC61A2"", ""SEC61G"", ""SPCS3"", ""GET1"", ""SEC61B"")"
"14","hsa03250 Viral life cycle - HIV-1",0.997530864197531,1,0.0554793308704233,0.172520247713234,0.529391642870613,63,"c(""ELL3"", ""BST2"", ""APOBEC3D"", ""CD4"", ""MAP1S"", ""ELL"", ""APOBEC3B"", ""FURIN"", ""ELL2"", ""MLLT1"", ""APOBEC3F"", ""CXCR4"", ""PIN1"", ""SAMHD1"", ""MX1"", ""KAT2A"", ""APOBEC3C"", ""NELFA"", ""MAP1A"", ""CHMP6"", ""CDK9"", ""SUPT4H1"", ""HGS"", ""SUPT5H"", ""CPSF7"")"
"15","hsa03320 PPAR signaling pathway",0.00138370536670906,0.0242917164377813,0.45505986738723,-0.679618368200009,-1.93386853922696,72,"c(""HMGCS2"", ""FABP1"", ""APOA1"", ""APOA2"", ""PCK1"", ""APOC3"", ""CYP8B1"", ""APOA5"", ""ACADL"", ""FABP4"", ""ADIPOQ"", ""FABP7"", ""CYP7A1"", ""LPL"", ""ACOX2"")"
"16","hsa03410 Base excision repair",0.828178694158076,1,0.0473534245254193,-0.27398637602967,-0.722206223868652,44,"c(""NEIL3"", ""RFC3"", ""PCNA"", ""RFC1"", ""RFC5"", ""POLE2"", ""PARP1"", ""HMGB1"", ""RFC4"", ""TDG"", ""RFC2"")"
"17","hsa03420 Nucleotide excision repair",0.76126878130217,1,0.0498907356726307,-0.28233230696463,-0.78594621132932,61,"c(""RFC3"", ""RAD23B"", ""PCNA"", ""XPA"", ""RFC1"", ""MNAT1"", ""RPA4"", ""RFC5"", ""GTF2H1"", ""POLE2"", ""CDK7"", ""POLR2I"", ""RFC4"", ""RFC2"", ""POLR2K"", ""CUL4A"", ""CUL4B"", ""ERCC6"", ""CETN2"", ""POLR2B"", ""RPA1"", ""CCNH"", ""POLE"", ""POLR2M"", ""ERCC8"", ""GTF2H5"", ""GTF2H3"")"
"18","hsa03430 Mismatch repair",0.229779411764706,0.672317538126362,0.120985142145252,-0.50862388148731,-1.20602334452951,23,"c(""RFC3"", ""PCNA"", ""RFC1"", ""EXO1"", ""RPA4"", ""RFC5"", ""MLH3"", ""MSH3"", ""MSH2"", ""SSBP1"", ""RFC4"", ""RFC2"")"
"19","hsa03440 Homologous recombination",0.416234887737478,0.812960645251008,0.0810802057550866,-0.393461825073714,-1.01918194267351,41,"c(""RBBP8"", ""ABRAXAS1"", ""BRCA2"", ""BRCC3"", ""XRCC2"", ""RPA4"", ""BLM"", ""BRCA1"", ""SSBP1"", ""RAD51C"", ""TOPBP1"", ""MRE11"", ""BRIP1"", ""NBN"", ""PALB2"", ""RPA1"", ""SEM1"", ""BARD1"", ""EME1"", ""RAD54B"", ""UIMC1"")"
"20","hsa03450 Non-homologous end-joining",0.375,0.75,0.0911073131586733,-0.499382836781427,-1.07574419821387,12,"c(""LIG4"", ""XRCC6"", ""XRCC4"", ""XRCC5"", ""MRE11"", ""DCLRE1C"", ""PRKDC"")"
"21","hsa03460 Fanconi anemia pathway",0.870151770657673,1,0.0442407423477375,-0.258033108521644,-0.705970650576174,53,"c(""CENPS"", ""USP1"", ""BRCA2"", ""RPA4"", ""BLM"", ""RMI1"", ""BRCA1"", ""REV3L"", ""UBE2T"", ""RAD51C"", ""WDR48"", ""FANCI"", ""FANCF"", ""POLK"", ""BRIP1"", ""POLI"", ""REV1"", ""PALB2"", ""FANCM"", ""POLN"", ""FANCB"", ""RPA1"")"
"22","hsa04010 MAPK signaling pathway",0.0410740718414492,0.324485167547448,0.321775918075361,0.35580156142718,1.31627461280737,287,"c(""FGF9"", ""PRKCG"", ""NTF4"", ""FGF3"", ""CACNG7"", ""CACNG1"", ""CACNA1S"", ""NTRK1"", ""PTPRR"", ""DUSP9"", ""BDNF"", ""CACNA1H"", ""CACNA1E"", ""MET"", ""EFNA2"", ""CACNA1I"", ""RET"", ""CACNA1B"", ""EFNA3"", ""PLA2G4C"", ""CACNG5"", ""CACNA2D2"", ""PLA2G4F"", ""FLT3"", ""TNF"", ""CACNA1G"", ""RELB"", ""TGFB3"", ""FGF17"", ""NFKB2"", ""DUSP2"", ""MAP2K3"", ""FGF20"", ""DUSP5"", ""PLA2G4D"", ""MAPK8IP2"", ""NR4A1"", ""MAPT"", ""CACNA1A"", ""RPS6KA4"", ""CACNA2D4"", ""NFATC1"", ""RASGRP2"", ""CSF1R"", ""CACNG6"")"
"23","hsa04012 ErbB signaling pathway",0.9923273657289,1,0.0573667426768556,0.189726917050654,0.610654026631671,84,"c(""PRKCG"", ""SHC2"", ""NRG2"", ""STAT5A"", ""PAK4"", ""CAMK2A"", ""SRC"", ""CAMK2B"", ""EGF"", ""PIK3CD"", ""GRB2"", ""ABL1"", ""PRKCB"", ""RPS6KB2"", ""HBEGF"", ""PIK3R2"", ""MAPK3"", ""PLCG2"", ""MAP2K7"", ""PIK3R3"", ""MAP2K2"", ""PAK6"", ""PAK5"", ""PAK1"", ""AKT2"", ""ARAF"", ""ELK1"", ""STAT5B"", ""BAD"", ""SOS1"", ""SHC3"")"
"24","hsa04014 Ras signaling pathway",0.304487179487179,0.711415904682738,0.141225119642531,0.291994417662553,1.05989012566102,216,"c(""FGF9"", ""PRKCG"", ""NTF4"", ""FGF3"", ""CALML6"", ""NTRK1"", ""KSR2"", ""BDNF"", ""PLA1A"", ""MET"", ""EFNA2"", ""GRIN2B"", ""EFNA3"", ""PLA2G4C"", ""GRIN1"", ""PLA2G4F"", ""GNG7"", ""FLT3"", ""SHC2"", ""FGF17"", ""PLA2G2D"", ""FGF20"", ""PLA2G4D"", ""RASA4"")"
"25","hsa04015 Rap1 signaling pathway",0.482539682539683,0.812960645251008,0.107972360317345,0.271264069534289,0.968840971811618,199,"c(""FGF9"", ""PRKCG"", ""FGF3"", ""CALML6"", ""ITGA2B"", ""FPR1"", ""MET"", ""EFNA2"", ""GRIN2B"", ""EFNA3"", ""GRIN1"", ""FGF17"", ""MAP2K3"", ""THBS1"", ""FGF20"", ""ADCY2"", ""CDH1"", ""RASGRP2"", ""CSF1R"", ""RRAS"", ""ITGB2"", ""SRC"", ""RAPGEF4"", ""RAP1GAP"", ""RAPGEF3"", ""FLT1"", ""ADORA2A"", ""RALGDS"", ""EGF"", ""EPHA2"", ""VASP"", ""PDGFB"", ""PIK3CD"", ""PLCB4"", ""CSF1"", ""LPAR2"", ""PLCB3"", ""RAPGEF1"", ""RASGRP3"", ""PRKCB"", ""RAC3"", ""MRAS"", ""FGF1"", ""DRD2"", ""SIPA1L3"", ""PIK3R2"", ""ADCY9"", ""PRKCZ"", ""PDGFA"", ""MAPK12"", ""MAPK3"", ""VAV1"", ""PLCB2"", ""SIPA1"", ""GNAI2"", 
""MAPK13"", ""PIK3R3"", ""FGF22"", ""MAP2K2"", ""CDC42"")"
"26","hsa04020 Calcium signaling pathway",0.00250178325369202,0.0359347049166672,0.431707695803346,0.434566506175105,1.5788976353122,232,"c(""FGF9"", ""PRKCG"", ""SLN"", ""BDKRB1"", ""FGF3"", ""SMIM6"", ""GRIN3B"", ""CALML6"", ""TNNC2"", ""CACNA1S"", ""SLC8A2"", ""NTRK1"", ""LOC102723407"", ""TNNC1"", ""ATP2A1"", ""CACNA1H"", ""TRDN"", ""CHRM1"", ""CHRFAM7A"", ""CACNA1E"", ""NOS1"", ""P2RX6"", ""ADRA1D"", ""MET"", ""CACNA1I"", ""RET"", ""GRIN2B"", ""CACNA1B"", ""BDKRB2"", ""GRIN1"", ""CASQ1"", ""SPHK1"", ""PTGER1"", ""MST1R"", ""CHRNA7"", ""CACNA1G"", ""HRH2"", ""GRM5"", ""FGF17"", ""TFEB"", ""PTAFR"", ""GRIN2C"", ""GRIN3A"", ""FGF20"", ""CD38"", ""GNA15"", ""P2RX2"", ""CACNA1A"", ""P2RX1"", ""LTB4R2"", ""ADCY2"", ""RYR1"", ""NFATC1"", 
""HTR6"", ""P2RX5"", ""GRM1"", ""AVPR1A"", ""PLCD3"", ""MYLK2"")"
"27","hsa04022 cGMP-PKG signaling pathway",0.88135593220339,1,0.0395172228473919,-0.24374661281634,-0.760688934366178,157,"c(""KNG1"", ""CREB3L3"", ""AGTR1"", ""ATP2B2"", ""KCNMB2"", ""SLC8A3"", ""ADRA1A"", ""CNGA1"", ""CACNA1C"", ""FXYD2"", ""MYLK"", ""GUCY1A2"", ""ROCK1"", ""PRKG1"", ""PDE2A"", ""GATA4"", ""GNAI1"", ""ATP1A4"")"
"28","hsa04024 cAMP signaling pathway",0.349206349206349,0.729880024520536,0.130105630751129,0.29436226690748,1.04850661678494,197,"c(""GRIN3B"", ""CALML6"", ""PPP1R1B"", ""CACNA1S"", ""ATP1B4"", ""HTR1D"", ""ADCYAP1R1"", ""ATP2A1"", ""CNGB1"", ""EDN3"", ""BDNF"", ""HTR1B"", ""LHB"", ""CHRM1"", ""FFAR2"", ""POMC"", ""HCN2"", ""GRIN2B"", ""CRHR2"", ""HCAR3"", ""GLP1R"", ""GRIN1"", ""HCAR2"", ""SSTR2"", ""ADORA1"", ""GRIN2C"", ""GRIN3A"", ""GABBR2"")"
"29","hsa04060 Cytokine-cytokine receptor interaction",0.0168041889683054,0.177004123799483,0.352487857583619,0.37053156035922,1.35818201896367,244,"c(""PF4V1"", ""IL19"", ""CXCR1"", ""IL13"", ""CCL25"", ""PPBP"", ""IFNA5"", ""CXCL5"", ""CCL20"", ""IL6"", ""CXCR2"", ""TNFRSF8"", ""TNFSF9"", ""TNFRSF13B"", ""IL31RA"", ""TNFRSF9"", ""IL3RA"", ""OSM"", ""TNFRSF18"", ""CXCL13"", ""GDF5"", ""CXCR5"", ""CCL23"", ""CCL24"", ""CCL4L2"", ""CD70"", ""LTB"", ""CSF3R"", ""TNFRSF11B"", ""TNFRSF4"", ""INHA"", ""TNFRSF10C"", ""BMP8A"", ""TNFRSF13C"", ""CCR10"", ""TNF"", ""IL1RL2"", ""IL18RAP"", ""CCL3"", ""CCL26"", ""XCL1"", ""CCR3"", ""TGFB3"", ""IL1R2"", ""CXCL10"", ""CCL22"", ""IFNLR1"", ""CXCL11"", ""CXCL1"", ""CCL13"", ""CSF2RB"", ""IL7R"", ""IL13RA2"", ""TNFSF15"", 
""LTA"", ""IL17RC"", ""CCR7"", ""CCL8"", ""TNFRSF12A"", ""CCR2"", ""TNFRSF17"", ""IL2RA"", ""CCR4"", ""CX3CR1"", ""CD40"", ""CSF1R"", ""CXCL8"", ""CXCL16"", ""CCR6"", ""TNFRSF1B"", ""CD4"", ""CXCL9"", ""TNFSF18"", ""CCL3L1"", ""IL27"", ""CCL4"", ""TNFRSF14"", ""IL12RB1"", ""PRL"", ""IL17RE"", ""EPOR"", ""IFNG"", ""IL1RL1"", ""IL6R"", ""IFNAR2"", ""EBI3"", ""CCL19"", ""IL10RA"", ""RELT"")"
"30","hsa04061 Viral protein interaction with cytokine and cytokine receptor",0.00172615097473418,0.0272731854008,0.45505986738723,0.549238230377353,1.81690712804533,92,"c(""PF4V1"", ""IL19"", ""CXCR1"", ""CCL25"", ""PPBP"", ""CXCL5"", ""CCL20"", ""IL6"", ""CXCR2"", ""CXCL13"", ""CXCR5"", ""CCL23"", ""CCL24"", ""CCL4L2"", ""TNFRSF10C"", ""CCR10"", ""TNF"", ""IL18RAP"", ""CCL3"", ""CCL26"", ""XCL1"", ""CCR3"", ""CXCL10"", ""CCL22"", ""CXCL11"", ""CXCL1"", ""CCL13"", ""LTA"", ""CCR7"", ""CCL8"", ""CCR2"", ""IL2RA"", ""CCR4"", ""CX3CR1"", ""CSF1R"", ""CXCL8"", ""CCR6"", ""TNFRSF1B"", ""CXCL9"", ""CCL3L1"", ""CCL4"", ""TNFRSF14"")"
"31","hsa04062 Chemokine signaling pathway",0.0203950164257999,0.194479232263311,0.352487857583619,0.422685801216165,1.49653711877786,183,"c(""PF4V1"", ""CXCR1"", ""CCL25"", ""PPBP"", ""CXCL5"", ""GRK1"", ""CCL20"", ""CXCR2"", ""CXCL13"", ""CXCR5"", ""CCL23"", ""CCL24"", ""CCL4L2"", ""GNG7"", ""CCR10"", ""CCL3"", ""SHC2"", ""CCL26"", ""XCL1"", ""CCR3"", ""CXCL10"", ""CCL22"", ""CXCL11"", ""CXCL1"", ""CCL13"", ""JAK3"", ""CCR7"", ""CCL8"", ""CCR2"", ""HCK"", ""ADCY2"", ""CCR4"", ""CX3CR1"", ""RASGRP2"", ""CXCL8"", ""CXCL16"", ""CCR6"", ""GNGT2"", ""CXCL9"", ""FGR"", ""CCL3L1"", ""CCL4"", ""SRC"", ""STAT2"", ""CCL19"", ""PTK2B"", ""ARRB1"", ""NFKBIA"", ""PIK3CD"", ""PLCB4"", ""PIK3R6"", ""GRB2"", ""PXN"", ""PLCB3"", ""PIK3R5"", ""PRKCB"", ""STAT3"", 
""ARRB2"", ""RAC3"", ""NCF1"", ""PIK3R2"", ""ADCY9"", ""PRKCZ"", ""MAPK3"", ""GRK2"", ""GSK3A"", ""PREX1"", ""CXCR6"", ""CCR8"", ""PLCG2"", ""VAV1"", ""PLCB2"", ""GNAI2"", ""ITK"", ""PIK3R3"", ""RELA"")"
"32","hsa04064 NF-kappa B signaling pathway",0.77720207253886,1,0.0697792517076235,0.248931422171165,0.834991287519634,104,"c(""LOC102723407"", ""CCL4L2"", ""LTB"", ""TNFRSF13C"", ""TNF"", ""RELB"", ""NFKB2"", ""CXCL1"", ""CCL13"", ""LTA"", ""PLAU"", ""CD40"", ""CXCL8"", ""ICAM1"", ""CCL4"", ""BCL2L1"", ""GADD45G"", ""CD14"", ""MAP3K14"", ""TICAM1"", ""CCL19"", ""BIRC3"", ""TRAF2"", ""VCAM1"", ""NFKBIA"")"
"33","hsa04066 HIF-1 signaling pathway",0.982142857142857,1,0.0369160593316849,-0.210522674981964,-0.624841797181564,103,"c(""ALDOB"", ""EPO"", ""ANGPT1"", ""TFRC"", ""TF"", ""HKDC1"", ""EDN1"", ""LDHA"", ""SLC2A1"", ""EGFR"", ""GAPDH"", ""IGF1"", ""PDK1"", ""HK2"", ""PIK3CA"", ""CUL2"", ""LDHB"", ""EGLN1"", ""NOS2"", ""PGK1"", ""PIK3CB"", ""CDKN1B"", ""ENO2"", ""AKT3"")"
"34","hsa04068 FoxO signaling pathway",0.76791277258567,1,0.0463227785794633,-0.265377537342501,-0.811373853684601,130,"c(""PCK1"", ""G6PC1"", ""MAPK10"", ""C8orf44-SGK3"", ""BNIP3"", ""HOMER1"", ""PRKAA2"", ""TGFB2"", ""SGK2"", ""PLK2"", ""PLK4"", ""EGFR"", ""PTEN"", ""FBXO25"", ""GADD45A"", ""RAG1"", ""IGF1"")"
"35","hsa04070 Phosphatidylinositol signaling system",0.96198347107438,1,0.0387166740042594,-0.225343173058995,-0.657328005372477,93,"c(""PIK3C2G"", ""ITPKA"", ""CDS1"", ""MTMR7"", ""PTEN"", ""CALML4"", ""MTMR6"", ""DGKB"", ""IPMK"", ""PI4K2B"", ""PIK3CA"", ""PLCE1"", ""MTMR2"", ""INPP4B"", ""DGKI"", ""PIK3C2A"", ""ITPR3"", ""PIK3CB"", ""CALM2"")"
"36","hsa04071 Sphingolipid signaling pathway",0.941666666666667,1,0.0637845390312975,0.213871491357344,0.719094890112542,121,"c(""PRKCG"", ""PPP2R3B"", ""BDKRB2"", ""S1PR4"", ""SPHK1"", ""TNF"", ""ADORA1"", ""CTSD"", ""SGPP2"", ""CERS1"", ""OPRD1"", ""S1PR5"", ""S1PR2"", ""BAX"", ""SPHK2"", ""PPP2R2C"", ""TRAF2"", ""MS4A2"", ""ADORA3"", ""PIK3CD"", ""PLCB4"", ""SGPL1"", ""PLCB3"", ""CERS4"", ""PLD2"", ""PRKCB"", ""RAC3"", ""PIK3R2"", ""PRKCZ"", ""MAPK12"", ""MAPK3"", ""PLCB2"", ""GNAI2"", ""MAPK13"", ""PIK3R3"", ""RELA"", ""MAP2K2"", ""S1PR3"", ""SMPD1"", ""S1PR1"", ""ACER1"", ""ABCC1"", ""AKT2"")"
"37","hsa04072 Phospholipase D signaling pathway",0.294392523364486,0.711415904682738,0.0946646223153342,-0.358986279498862,-1.11048589188243,142,"c(""GRM6"", ""F2"", ""AGTR1"", ""AGT"")"
"38","hsa04080 Neuroactive ligand-receptor interaction",0.0743338008415147,0.369814366424536,0.193813302725311,-0.381371450908892,-1.26120715124207,274,"c(""GRM6"", ""F2"", ""KNG1"", ""GCGR"", ""PLG"", ""GLP2R"", ""RLN2"", ""GABRA4"", ""GABRG1"", ""GPHB5"", ""GRID2"", ""AGTR1"", ""CHRM2"", ""AGT"", ""GABRB2"", ""LHCGR"", ""CALCA"", ""PTH1R"", ""NPY5R"", ""PAQR9"", ""SSTR1"", ""NMBR"", ""QRFPR"", ""RLN1"", ""ADRA1A"", ""SCTR"", ""GALR1"", ""HTR7"", ""MLNR"", ""F2RL3"", ""CORT"", ""GLRA3"", ""CHRNB2"", ""LEPR"", ""THRB"", ""GHR"", ""PTGFR"", ""CHRM5"", ""NTS"", ""LPAR3"", ""LEP"", ""C3"", ""GPR156"", ""C5"", ""DRD1"", ""GRIK1"", ""HTR2A"", ""HTR4"", ""VIP"", ""GLRA2"", ""GRIA4"", ""CHRNA5"", ""EDN1"", ""TMEM97"", ""UTS2B"", ""PTGER3"", ""ADCYAP1"", ""HTR1F"", ""LYPD6B"", 
""NPFFR2"", ""OGFRL1"", ""GABRA3"", ""GABRP"", ""EDNRB"", ""MCHR1"", ""PTGDR"")"
"39","hsa04110 Cell cycle",0.14175654853621,0.479021168317904,0.143758989039275,-0.397395128735599,-1.24019806268228,157,"c(""SMC1B"", ""SMC3"", ""CDC25A"", ""CDC45"", ""TTK"", ""MAD2L1"", ""TGFB2"", ""SGO1"", ""CDC20"", ""ESCO1"", ""CCNE2"", ""KNL1"", ""HDAC2"", ""NDC80"", ""FBXO5"", ""ATRX"", ""GADD45A"", ""CDK6"", ""TRIP13"", ""PCNA"", ""DBF4"", ""BUB1B"", ""ANAPC10"", ""PPP2R5E"", ""CDK1"", ""CDT1"", ""PPP2CB"", ""PDS5B"", ""TFDP1"", ""YWHAQ"", ""CDC6"", ""NIPBL"", ""CDC16"", ""CDC27"", ""PPP2R5A"", ""CDK7"", ""CCNB1"", ""SMC1A"", ""CHEK1"", ""MCM6"", ""CDC7"", ""ORC4"", ""YWHAZ"", ""CDKN1C"", ""STAG2"", ""CCNA2"", ""CDKN1B"", ""MCM3"", ""PDS5A"", ""MCM4"", ""CDKN2A"", ""BUB1"", ""ANAPC13"", ""CCNB2"", ""RB1"", ""MCM7"", 
""STAG1"", ""E2F5"", ""RBL1"", ""ORC1"", ""CDCA5"", ""ESCO2"", ""WEE1"", ""ANAPC1"", ""YWHAE"", ""E2F3"", ""ANAPC4"", ""TFDP2"", ""SKP2"", ""CDK4"", ""ESPL1"", ""ORC2"", ""RBL2"", ""ORC6"", ""CDKN2B"", ""PRKDC"")"
"40","hsa04114 Oocyte meiosis",0.566302652106084,0.863635278672873,0.0605092988656667,-0.301720795019761,-0.915950842816956,120,"c(""SMC1B"", ""PGR"", ""SPDYE4"", ""SMC3"", ""SLK"", ""RPS6KA6"", ""MAD2L1"", ""SGO1"", ""CDC20"", ""CCNE2"", ""CALML4"", ""AR"", ""FBXO5"", ""ADCY5"", ""SPDYA"", ""IGF1"", ""ANAPC10"", ""PPP2R5E"", ""CDK1"", ""PPP2CB"", ""ADCY8"", ""AURKA"", ""YWHAQ"", ""CDC16"", ""CDC27"", ""PPP2R5A"", ""CCNB1"", ""SMC1A"", ""SPDYE21"", ""RPS6KA3"", ""ITPR3"", ""YWHAZ"", ""CALM2"", ""PPP3CA"", ""BUB1"", ""ANAPC13"", ""CCNB2"", ""CAMK2D"", ""PPP1CB"", ""ADCY1"", ""ANAPC1"", ""CALM1"", ""YWHAE"", ""CPEB2"", ""ANAPC4"")"
"41","hsa04115 p53 signaling pathway",0.819512195121951,1,0.0642140881844605,0.25467514518045,0.805462562009448,73,"c(""ADGRB1"", ""SERPINE1"", ""BBC3"", ""THBS1"", ""CD82"", ""CCND2"", ""TP73"", ""ZNF385A"", ""AIFM2"", ""CCND3"", ""TP53I3"", ""BAX"", ""BCL2L1"", ""GADD45G"", ""SFN"", ""SHISA5"")"
"42","hsa04120 Ubiquitin mediated proteolysis",0.937694704049844,1,0.0371479221137289,-0.229114868574229,-0.708742488786358,142,"c(""CBLC"", ""UBE2U"", ""CDC20"", ""RHOBTB1"", ""MID1"", ""KLHL13"", ""UBA2"", ""ANAPC10"", ""CUL2"", ""UBE2Q1"", ""CDC16"", ""HERC3"", ""CDC27"", ""BRCA1"", ""CUL5"", ""CUL3"", ""NEDD4"", ""UBE2D1"", ""DET1"", ""UBE2C"", ""UBE2QL1"", ""UBE3A"", ""ANAPC13"", ""UBE2E3"", ""CUL4A"", ""RCHY1"", ""UBA6"", ""ANAPC1"", ""UBE2K"", ""CUL4B"", ""RPS27A"", ""UBE2B"", ""ANAPC4"", ""UBE2Q2"", ""BIRC2"", ""UBA3"", ""SKP2"", ""UBE2E1"", ""MAP3K1"", ""TRIM37"", ""TRIP12"", ""ERCC8"", ""ELOC"", ""UBE2N"", ""WWP1"", ""TRAF6"", ""UBE2G1"", ""CUL1"", ""UBE2D3"", ""UBE2D4"", ""CDC26"", ""SMURF2"", ""UBE2L3"", ""XIAP"", ""UBE2J1"", 
""UBE2R2"", ""SAE1"", ""PIAS1"", ""FBXW7"", ""COP1"", ""UBE4A"", ""PIAS2"", ""BTRC"", ""CDC23"")"
"43","hsa04130 SNARE interactions in vesicular transport",1,1,0.0523759084097997,0.0956532328845801,0.258251533580435,33,"c(""VAMP5"", ""VAMP2"", ""VAMP8"", ""STX5"", ""BET1L"", ""STX4"", ""STX1B"", ""VAMP1"", ""BNIP1"", ""GOSR2"", ""VAMP7"")"
"44","hsa04136 Autophagy - other",0.987455197132617,1,0.0412376090540065,-0.183009595132226,-0.453844559277913,31,"c(""ATG9B"", ""PPP2CB"", ""ATG3"", ""ATG4C"", ""ATG12"", ""PIK3C3"", ""IGBP1"", ""ATG5"", ""ULK2"", ""GABARAPL2"", ""ATG4A"", ""PPP2CA"", ""PIK3R4"", ""ATG10"", ""GABARAPL1"", ""ATG16L1"", ""ATG2B"", ""MLST8"", ""ATG9A"", ""ATG7"", ""MTOR"", ""WIPI2"", ""BECN1"", ""ATG4B"", ""ATG13"", ""WIPI1"", ""ATG4D"", ""RPTOR"", ""GABARAP"", ""ATG2A"", ""ATG101"")"
"45","hsa04137 Mitophagy - animal",1,1,0.0359208664409425,-0.163504992056141,-0.484993746539673,102,"c(""MAPK10"", ""BNIP3"", ""TAX1BP1"", ""MAP1LC3B2"", ""TOMM20"", ""ATG9B"", ""MAP1LC3C"", ""CITED2"", ""RAB5A"", ""CSNK2A3"", ""USP8"", ""OPA1"", ""BNIP3L"", ""OPTN"", ""MAP1LC3B"", ""FUNDC1"", ""NRAS"", ""RHOT1"", ""CSNK2A2"", ""ATF4"", ""RAB7A"", ""TBC1D15"", ""EIF2S1"", ""TOMM70"", ""HIF1A"", ""CALCOCO2"", ""RPS27A"", ""KRAS"", ""MAPK8"", ""USP15"", ""PHB2"", ""CCZ1"", ""CCZ1B"")"
"46","hsa04140 Autophagy - animal",0.992458521870287,1,0.0329431471724691,-0.20058001409867,-0.62892625853731,162,"c(""SUPT20HL1"", ""MAPK10"", ""BNIP3"", ""TAX1BP1"", ""PRKAA2"", ""MAP1LC3B2"", ""RB1CC1"", ""PTEN"", ""ATG9B"", ""MAP1LC3C"", ""PPP2CB"", ""DEPTOR"", ""PIK3CA"", ""IRS4"", ""ATG3"", ""HMGB1"", ""VMP1"", ""OPTN"", ""MAP1LC3B"", ""ATG4C"", ""PIK3CB"", ""AKT3"", ""SH3GLB1"", ""NRAS"", ""PIK3R1"", ""MAP3K7"", ""RAB7A"", ""DDIT4"", ""PRKAA1"", ""EIF2AK4"", ""ATG12"", ""RAB33B"", ""EIF2S1"", ""C9orf72"", ""STX7"", ""RRAGD"", ""RRAGC"", ""HIF1A"", ""CALCOCO2"", ""RPS27A"", ""PIK3C3"", ""NRBF2"", ""KRAS"", ""MAPK8"", ""IRS1"", ""ATG14"")"
"47","hsa04141 Protein processing in endoplasmic reticulum",0.87369985141159,1,0.0382416816260774,-0.245413635343836,-0.77314967109368,166,"c(""CASP12"", ""MAPK10"", ""HSPA1A"", ""DNAJC1"", ""SEC62"", ""ERO1A"", ""HSP90AA1"", ""RAD23B"", ""TUSC3"", ""UGGT2"", ""DNAJA2"", ""HSPH1"", ""PDIA3"", ""UBXN2A"", ""UBXN8"", ""SEC63"", ""HSP90B1"", ""HSPA4L"", ""STT3B"", ""PDIA6"", ""HSP90AB1"", ""ATF6"", ""LMAN1"", ""UBE2D1"", ""TRAM1"", ""DDIT3"", ""SVIP"", ""TRAM1L1"", ""MAN1A2"", ""HSPA5"", ""ATF4"", ""CAPN2"", ""MBTPS2"", ""BAG1"", ""OSTC"", ""YOD1"", ""DNAJC3"", ""DNAJC10"", ""SEC24B"", ""SEC23A"", ""EIF2S1"", ""HSPA1B"", ""SEL1L"", ""SEC61A2"", ""MAPK8"", ""HYOU1"", ""SEC61G"", ""STT3A"", ""SSR3"", ""RPN2"", ""SSR1"", ""PLAA"", ""MAGT1"", ""CANX"", 
""ERLEC1"", ""PDIA4"", ""RPN1"", ""NFE2L2"", ""UGGT1"", ""UBQLN1"", ""NGLY1"", ""UBE2G1"", ""CUL1"", ""SELENOS"", ""UBQLN3"", ""UBE2D3"", ""UBXN4"", ""MBTPS1"", ""SEC61B"", ""UBE2D4"", ""CKAP4"", ""UBQLN4"", ""BAG2"", ""MAPK9"", ""SEC31A"", ""SAR1A"", ""DNAJC5B"", ""SSR2"", ""UBE2J1"")"
"48","hsa04142 Lysosome",0.462395543175487,0.812960645251008,0.102449405629826,0.293948649698952,0.996086656349268,131,"c(""SLC11A1"", ""CTSE"", ""GAA"", ""CTSD"", ""IDUA"", ""PSAP"", ""ARSG"", ""ACP2"", ""CD68"", ""DNASE2"", ""CTSB"", ""CTSH"", ""SGSH"", ""GNS"", ""NAPSA"", ""ACP5"", ""TCIRG1"", ""CTSA"", ""ATP6V0B"", ""NAGLU"", ""CTSL"", ""ABCA2"", ""HYAL3"", ""ARSA"", ""GALNS"", ""NAGPA"", ""FUCA1"", ""MAN2B1"", ""PLA2G15"", ""CTSG"", ""ATP6AP1"", ""ATP6V0A1"", ""CTSF"", ""LITAF"", ""NAGA"", ""MCOLN1"", ""CTSZ"", ""PPT2"", ""NPC2"", ""AP1G2"", ""CLN3"", ""CLTCL1"", ""GGA3"", ""CLTB"", ""CTSC"", ""CD63"", ""GNPTG"", ""SMPD1"", ""GGA1"", ""AP1B1"", ""LAMP3"", ""CTNS"", ""SUMF1"", ""SORT1"")"
"49","hsa04144 Endocytosis",1,1,0.0294936424723046,-0.159513383323127,-0.522325470321147,247,"c(""CBLC"", ""FGFR2"", ""DNAJC6"", ""CHMP4C"", ""PDGFRA"", ""SH3GL2"", ""HSPA1A"", ""EEA1"", ""TFRC"", ""VPS26A"", ""RNF103-CHMP3"", ""KIF5B"", ""SNX2"", ""CHMP2B"", ""EGFR"", ""FGFR3"", ""SNX3"", ""SMAP1"", ""STAM"", ""PRKCI"", ""RAB5A"", ""CAV1"", ""SNX4"", ""PLD1"", ""USP8"", ""FGFR4"", ""SNX6"", ""RAB4A"", ""RABEP1"", ""PSD3"", ""DNM3"", ""RUFY2"", ""ACTR3"", ""VPS36"", ""VPS35"", ""DAB2"", ""NEDD4"", ""RAB11FIP2"", ""SH3GLB1"", ""VTA1"", ""PARD3"", ""ZFYVE16"", ""RAB7A"", ""VPS37D"", ""CLTA"", ""TGFBR1"", ""CAPZA2"", ""ACTR2"", ""ASAP1"", ""ACTR3B"", ""WASL"", ""CAPZA1"", ""STAM2"", ""HSPA1B"", ""ARPC5"", 
""ARFGEF1"", ""CAV2"", ""RAB22A"", ""GRK3"", ""WASHC1"", ""ARF6"", ""VPS37A"")"
"50","hsa04145 Phagosome",0.0819209039548023,0.369814366424536,0.266350657088526,0.371034619842576,1.28170832830955,144,"c(""TUBB1"", ""TUBB8B"", ""LOC102723407"", ""TUBB4A"", ""OLR1"", ""THBS4"", ""FCGR3B"", ""NOS1"", ""MPO"", ""FCGR1A"", ""RAB7B"", ""TAP1"", ""MRC2"", ""HLA-DQB2"", ""HLA-G"", ""THBS1"", ""HLA-B"", ""NCF4"", ""COMP"", ""HLA-A"", ""FCAR"", ""ATP6V1G2"", ""HLA-DOB"", ""HLA-DQA1"", ""HLA-DRB1"", ""TUBB2A"", ""RILP"", ""HLA-DOA"", ""ATP6V1C2"", ""ATP6V1B1"", ""HLA-C"", ""HLA-DMA"", ""HLA-DQB1"", ""CYBA"", ""TUBB3"", ""TCIRG1"", ""HLA-DRB5"", ""FCGR3A"", ""ITGB2"", ""HLA-DRA"", ""ATP6V0B"", ""CD14"", ""HLA-F"", ""CLEC7A"", ""CTSL"", ""HLA-DPA1"", ""HLA-DPB1"")"
"51","hsa04146 Peroxisome",0.0583414886315165,0.363840340103921,0.321775918075361,-0.53141723086774,-1.54257252528532,83,"c(""HAO1"", ""AGXT"", ""XDH"", ""DAO"", ""HAO2"", ""BAAT"", ""ACOX2"", ""PIPOX"")"
"52","hsa04150 mTOR signaling pathway",1,1,0.0607719451853533,0.159510775456581,0.557332610942741,147,"c(""PRKCG"", ""CASTOR1"", ""TNF"", ""WNT5B"", ""FZD10"", ""LPIN3"", ""ATP6V1G2"", ""WNT6"", ""WNT10A"", ""ATP6V1C2"", ""ATP6V1B1"", ""AKT1S1"", ""RPS6KA1"")"
"53","hsa04151 PI3K-Akt signaling pathway",0.862666666666667,1,0.0337507376805299,-0.244837052032807,-0.826031725115681,326,"c(""PCK1"", ""G6PC1"", ""VTN"", ""CREB3L3"", ""FGF5"", ""CHRM2"", ""AREG"", ""NTF3"", ""FGFR2"", ""GYS2"", ""NGF"", ""LAMA2"", ""TNXB"", ""EPO"", ""ANGPT1"", ""C8orf44-SGK3"", ""PDGFRA"", ""COL4A6"", ""FGF10"", ""GHR"", ""ITGA9"", ""LAMA1"", ""TNN"", ""LPAR3"", ""RELN"", ""CHAD"", ""LAMB4"", ""LAMC3"", ""LAMC2"", ""PRKAA2"", ""FLT4"", ""COL9A1"", ""FGF7"", ""ITGB8"", ""SGK2"", ""CCNE2"", ""HGF"", ""GNG12"", ""GNG11"", ""EGFR"", ""HSP90AA1"", ""ITGA6"", ""IL2"", ""PTEN"", ""FGFR3"", ""LPAR6"", ""LAMA3"", ""LPAR4"", ""CDK6"", ""IGF1"", ""PDGFRB"", ""PPP2R5E"", ""PPP2CB"", ""KDR"", ""GNG8"", ""ITGB1"", ""ITGA1"", 
""PIK3CA"")"
"54","hsa04152 AMPK signaling pathway",0.0452418096723869,0.333753916845066,0.266350657088526,-0.480135814637274,-1.45757538539832,120,"c(""PCK1"", ""G6PC1"", ""HNF4A"", ""CFTR"", ""CREB3L3"", ""CIDEA"", ""GYS2"", ""ADRA1A"", ""ADIPOQ"", ""PFKFB1"", ""FBP2"", ""LEPR"", ""LEP"")"
"55","hsa04210 Apoptosis",1,1,0.0610363728309177,0.168893994199793,0.572321234107524,131,"c(""NTRK1"", ""IL3RA"", ""TNF"", ""BBC3"", ""CTSD"", ""CSF2RB"", ""CTSB"", ""CTSH"", ""BAX"", ""BCL2L1"", ""ENDOG"", ""GADD45G"", ""MAP3K14"", ""CASP10"", ""PRF1"", ""CTSL"", ""DAB2IP"", ""BIRC3"", ""TRAF2"", ""NFKBIA"", ""PIK3CD"", ""CASP9"", ""CTSF"", ""BCL2L11"", ""CTSZ"", ""DIABLO"", ""LMNA"", ""PIK3R2"", ""MAPK3"", ""GADD45B"", ""BAK1"", ""CTSC"", ""PIK3R3"", ""RELA"", ""MAP2K2"", ""FASLG"", ""TRAF1"", ""AKT2"", ""CAPN1"", ""TRADD"", ""HRK"", ""ITPR1"", ""BAD"", ""FADD"", ""PIDD1"", ""CTSK"")"
"56","hsa04211 Longevity regulating pathway",0.971854304635762,1,0.0383205781976994,-0.216257260450286,-0.62964064441988,86,"c(""CREB3L3"", ""ADIPOQ"", ""PRKAA2"", ""RB1CC1"", ""ADCY5"", ""IGF1"", ""CAMK4"", ""ADCY8"", ""PIK3CA"", ""APPL1"", ""IRS4"", ""SIRT1"", ""PIK3CB"", ""AKT3"", ""SESN1"", ""NRAS"", ""PIK3R1"", ""ATF4"", ""PRKAA1"", ""PPARG"", ""FOXO1"", ""EIF4E"", ""ADCY1"", ""KRAS"", ""IRS1"", ""ATF2"", ""PRKACB"")"
"57","hsa04213 Longevity regulating pathway - multiple species",0.905405405405405,1,0.0425023180036553,-0.243991871848466,-0.674743217431676,59,"c(""FOXA2"", ""HSPA1A"", ""PRKAA2"", ""HDAC2"", ""ADCY5"", ""IGF1"", ""ADCY8"", ""PIK3CA"", ""IRS4"", ""SIRT1"", ""PIK3CB"", ""AKT3"", ""NRAS"", ""PIK3R1"", ""PRKAA1"", ""FOXO1"", ""HSPA1B"", ""ADCY1"", ""KRAS"", ""IRS1"")"
"58","hsa04215 Apoptosis - multiple species",0.958781362007168,1,0.0425877779273254,-0.229742870625671,-0.569738170236464,31,"c(""MAPK10"", ""SEPTIN4"", ""PMAIP1"")"
"59","hsa04216 Ferroptosis",0.717948717948718,0.992593957258659,0.0536769600638126,-0.31266440474813,-0.80714879186564,40,"c(""TFRC"", ""CP"", ""SLC7A11"", ""MAP1LC3B2"", ""TF"", ""MAP1LC3C"", ""FTH1"", ""ACSL3"", ""MAP1LC3B"", ""SLC39A14"", ""VDAC2"", ""PRNP"", ""ACSL4"", ""GCLM"")"
"60","hsa04217 Necroptosis",0.818181818181818,1,0.0718276293603809,0.24479970563798,0.836241964384255,139,"c(""IFNA5"", ""PYGM"", ""H2AC14"", ""PLA2G4C"", ""H2AC25"", ""PLA2G4F"", ""TNF"", ""JAK3"", ""PLA2G4D"", ""SQSTM1"", ""STAT5A"", ""FTL"", ""PYCARD"", ""ALOX15"", ""H2AC8"", ""BAX"", ""CAMK2A"", ""CAMK2B"", ""IFNG"", ""IRF9"", ""SHARPIN"", ""STAT2"", ""TICAM1"", ""GLUL"", ""H2AC17"", ""IFNAR2"", ""BIRC3"", ""TRAF2"", ""ZBP1"", ""H2AJ"")"
"61","hsa04218 Cellular senescence",0.985875706214689,1,0.0623861492893626,0.203944107353268,0.718708710095858,152,"c(""CALML6"", ""IL6"", ""SERPINE1"", ""E2F2"", ""KIR2DL4"", ""TGFB3"", ""HLA-G"", ""MAP2K3"", ""HLA-B"", ""HLA-A"", ""SQSTM1"", ""CCND2"", ""TRPV4"", ""NFATC1"", ""CXCL8"", ""HLA-C"", ""CCND3"", ""RRAS"")"
"62","hsa04260 Cardiac muscle contraction",0.00120756444768942,0.0238493978418661,0.45505986738723,0.576267471221233,1.85477135868995,84,"c(""MYL2"", ""COX6A2"", ""CACNG7"", ""CACNG1"", ""CACNA1S"", ""SLC8A2"", ""ATP1B4"", ""MYH6"", ""TNNC1"", ""ATP2A1"", ""MYH7"", ""COX4I2"", ""TRDN"", ""COX6B2"", ""ACTC1"", ""CACNG5"", ""CACNA2D2"", ""TNNT2"")"
"63","hsa04261 Adrenergic signaling in cardiomyocytes",0.0856353591160221,0.375844076120319,0.257206466468838,0.36300067433305,1.27733353803931,149,"c(""MYL2"", ""CACNG7"", ""CACNG1"", ""CALML6"", ""CACNA1S"", ""SLC8A2"", ""ATP1B4"", ""MYH6"", ""TNNC1"", ""ATP2A1"", ""PPP2R3B"", ""MYH7"", ""ADRA1D"", ""ACTC1"", ""CACNG5"", ""CACNA2D2"", ""TNNT2"")"
"64","hsa04270 Vascular smooth muscle contraction",0.482059282371295,0.812960645251008,0.0683110858318647,-0.320683828716805,-0.973517994249245,120,"c(""PLA2G12B"", ""AGTR1"", ""PLA2G2A"", ""AGT"", ""CALCA"", ""PLA2G1B"", ""KCNMB2"", ""PLA2G5"", ""ADRA1A"", ""MYH11"", ""PPP1R14A"", ""CACNA1C"", ""MYLK"", ""GUCY1A2"", ""ROCK1"", ""PRKG1"", ""CALD1"", ""EDN1"")"
"65","hsa04310 Wnt signaling pathway",0.530791788856305,0.863635278672873,0.0972150808846466,0.270625510191062,0.956622197360395,161,"c(""PRKCG"", ""APC2"", ""APCDD1L"", ""RSPO4"", ""PRICKLE4"", ""TLE6"", ""SFRP2"", ""MMP7"", ""TPTEP2-CSNK1E"", ""CTNND2"", ""RNF43"", ""FRAT1"", ""WNT5B"", ""NKD2"", ""FZD10"", ""CER1"", ""CCND2"", ""WNT6"", ""WNT10A"", ""TLE2"", ""NFATC1"", ""FRAT2"", ""CCND3"", ""CAMK2A"", ""DKK1"", ""CAMK2B"")"
"66","hsa04330 Notch signaling pathway",0.56140350877193,0.863635278672873,0.0850427463764322,0.308919269827479,0.931201176138662,60,"c(""DLL3"", ""TLE6"", ""PTCRA"", ""TLE2"", ""JAG2"", ""LFNG"", ""NOTCH3"", ""PSENEN"", ""DTX2"", ""MAML3"", ""DTX4"", ""HES5"", ""DVL1"", ""NRARP"", ""DTX1"", ""DLL1"", ""DLL4"", ""RFNG"", ""NCOR2"", ""KAT2A"", ""APH1B"", ""ITCH"", ""HES1"")"
"67","hsa04340 Hedgehog signaling pathway",0.614213197969543,0.890327387882457,0.0605092988656667,-0.317168181212524,-0.870862021542367,54,"c(""SHH"", ""HHIP"", ""GLI1"", ""IHH"", ""GLI2"")"
"68","hsa04350 TGF-beta signaling pathway",0.0485844309331426,0.333753916845066,0.321775918075361,-0.49434573418962,-1.47388702511552,108,"c(""INHBC"", ""INHBE"", ""BMPR1B"", ""BMP5"", ""TFR2"", ""AMHR2"", ""LEFTY2"", ""DCN"", ""HAMP"", ""HJV"", ""FMOD"", ""SMAD9"", ""LTBP1"", ""BMP7"", ""TFRC"", ""ROCK1"", ""TF"", ""TGFB2"", ""NEO1"", ""ACVR2A"", ""THSD4"", ""FST"", ""LRRC32"", ""GDF6"", ""FBN1"", ""HDAC2"", ""CHRD"", ""ID4"", ""PPP2CB"", ""ACVR1C"", ""TFDP1"")"
"69","hsa04360 Axon guidance",0.878877400295421,1,0.0376923295943841,-0.242781536921291,-0.772308560369986,180,"c(""SHH"", ""BMPR1B"", ""EPHA1"", ""LRRC4C"", ""EPHA7"", ""NGEF"", ""UNC5C"", ""EPHA3"", ""UNC5A"", ""PLXNA4"", ""WNT4"", ""DPYSL5"", ""BMP7"", ""RND1"", ""ROCK1"", ""TRPC4"", ""UNC5D"", ""GNAI1"", ""NEO1"", ""ENAH"", ""CFL2"", ""SEMA3C"", ""ROBO1"", ""NTN4"")"
"70","hsa04370 VEGF signaling pathway",0.0602409638554217,0.363840340103921,0.287857117255149,0.470285275719592,1.41105352287101,57,"c(""PRKCG"", ""PLA2G4C"", ""PLA2G4F"", ""SPHK1"", ""SHC2"", ""PLA2G4D"", ""SH2D2A"", ""MAPKAPK3"", ""SPHK2"", ""SRC"", ""PIK3CD"", ""CASP9"", ""PXN"", ""PRKCB"", ""RAC3"", ""PIK3R2"", ""MAPK12"", ""MAPK3"", ""PLCG2"", ""PLA2G4B"", ""JMJD7-PLA2G4B"", ""MAPK13"", ""PIK3R3"", ""MAP2K2"", ""CDC42"")"
"71","hsa04371 Apelin signaling pathway",0.427777777777778,0.812960645251008,0.107140237276725,0.298895990661669,1.01303871774275,130,"c(""MYL2"", ""PRKAG3"", ""CALML6"", ""SLC8A2"", ""SERPINE1"", ""NOS1"", ""GNG7"", ""SPHK1"", ""KLF2"", ""ADCY2"", ""CDH1"", ""RYR1"", ""GNGT2"", ""PLAT"", ""MYLK2"", ""RRAS"")"
"72","hsa04380 Osteoclast differentiation",0.092436974789916,0.384343210968598,0.248911114434702,0.380510512504664,1.28586553827587,129,"c(""ATP2A1"", ""LILRA4"", ""FCGR3B"", ""SOCS1"", ""TNFRSF11B"", ""SOCS3"", ""FCGR1A"", ""TNF"", ""FOSB"", ""RELB"", ""NFKB2"", ""CALCR"", ""LILRA1"", ""OSCAR"", ""SPI1"", ""NCF4"", ""SQSTM1"", ""SIRPG"", ""NFATC1"", ""FOSL2"", ""CSF1R"", ""LILRB1"", ""CYBA"", ""TREM2"", ""ACP5"", ""FCGR3A"", ""IFNG"", ""IRF9"", ""STAT2"", ""MAP3K14"", ""IFNAR2"", ""JUNB"", ""LILRA5"", ""TRAF2"", ""NFKBIA"", ""PIK3CD"", ""CSF1"", ""GRB2"", ""BLNK"", ""NCF1"", ""PIK3R2"", ""TGFB1"", ""MAPK12"", ""MAPK3"", ""PLCG2"", ""MAP2K7"", ""SIRPA"", ""MAPK13"", ""PIK3R3"", ""RELA"", ""LILRA2"", ""LILRB2"", ""LILRB4"", ""TYK2"", ""AKT2"", 
""TEC"", ""IFNGR2"")"
"73","hsa04390 Hippo signaling pathway",0.981481481481482,1,0.034566432206351,-0.217515114411877,-0.675512920214404,152,"c(""AFP"", ""AREG"", ""BMPR1B"", ""BMP5"", ""SOX2"", ""WNT4"", ""GLI2"", ""BMP7"", ""WNT2"", ""WNT9B"", ""TGFB2"", ""GDF6"", ""FZD6"", ""MOB1B"", ""WNT1"", ""PPP2CB"", ""TP53BP2"", ""PRKCI"", ""FZD8"", ""ID1"", ""YWHAQ"", ""TEAD4"", ""STK3"", ""FZD1"", ""WWTR1"", ""YWHAZ"", ""BIRC5"", ""APC"", ""WNT16"", ""BMPR1A"", ""PARD3"", ""BMPR2"", ""SNAI2"", ""CTNNA3"", ""FZD3"", ""BMP4"", ""BMP2"", ""TGFBR1"", ""WNT9A"", ""PPP1CB"", ""PALS1"", ""PATJ"", ""DLG1"")"
"74","hsa04392 Hippo signaling pathway - multiple species",0.808463251670379,1,0.0605092988656667,0.284086672295408,0.747034191435876,29,"c(""TPTEP2-CSNK1E"", ""RASSF6"", ""RASSF4"", ""RASSF2"", ""LIMD1"")"
"75","hsa04510 Focal adhesion",0.641269841269841,0.904648526077098,0.0908241419007155,0.255806050543646,0.913631440498133,199,"c(""MYL2"", ""PRKCG"", ""MYL11"", ""COL6A5"", ""CAV3"", ""ITGA2B"", ""THBS4"", ""TNC"", ""MET"", ""LAMB3"", ""LAMA5"", ""SHC2"", ""THBS1"", ""ITGA3"", ""COL9A2"", ""COMP"", ""CCND2"", ""MYL5"", ""COL1A1"", ""ITGB4"", ""PAK4"", ""CCND3"", ""MYLK2"", ""SRC"", ""COL6A2"", ""ITGA7"", ""PPP1R12C"", ""FLT1"", ""EGF"", ""BIRC3"", ""VASP"", ""PDGFB"", ""TNR"", ""COL1A2"", ""PARVG"", ""COL4A5"", ""PIK3CD"", ""LAMB2"", ""COL6A1"", ""GRB2"", ""ITGB5"", ""COL9A3"", ""PXN"", ""ZYX"", ""RAPGEF1"")"
"76","hsa04512 ECM-receptor interaction",0.604304635761589,0.884075300466029,0.0602484086158019,-0.30758035491086,-0.894203090899925,85,"c(""VTN"", ""DSPP"", ""LAMA2"", ""TNXB"", ""COL4A6"", ""ITGA9"", ""LAMA1"", ""TNN"", ""RELN"", ""NPNT"", ""CHAD"", ""LAMB4"", ""LAMC3"", ""LAMC2"", ""COL9A1"", ""ITGB8"", ""ITGA6"", ""SDC1"", ""LAMA3"", ""HMMR"", ""SV2A"", ""ITGB1"", ""ITGA1"")"
"77","hsa04514 Cell adhesion molecules",0.3078125,0.711415904682738,0.0922597260527354,-0.352994384446015,-1.09171472959288,149,"c(""VTCN1"", ""CLDN3"", ""CLDN1"", ""CLDN10"", ""CLDN2"", ""CLDN11"", ""LRRC4C"", ""CLDN4"", ""PTPRD"", ""OCLN"", ""CNTN1"", ""CDH2"", ""NFASC"", ""ITGA9"", ""CLDN22"", ""CXADR"", ""CLDN16"", ""CNTNAP2"", ""ALCAM"", ""CLDN5"", ""SLITRK4"", ""SDC2"", ""NLGN4X"", ""SLITRK5"", ""NEGR1"", ""NEO1"", ""CD58"", ""ITGB8"", ""NECTIN3"")"
"78","hsa04520 Adherens junction",0.428927680798005,0.812960645251008,0.10027910675413,0.301614643683895,0.997756102403169,92,"c(""MYL2"", ""MYL11"", ""MET"", ""RADIL"", ""NECTIN2"", ""MYL5"", ""CDH1"", ""BAIAP2"")"
"79","hsa04530 Tight junction",0.157975460122699,0.509390259171153,0.135002033828631,-0.392865290451432,-1.22661025135882,158,"c(""CLDN3"", ""CLDN1"", ""CLDN10"", ""CFTR"", ""CLDN2"", ""CLDN11"", ""CLDN4"", ""MAPK10"", ""CGN"", ""MYH11"", ""CGNL1"", ""OCLN"", ""MPP4"", ""MARVELD2"", ""CLDN22"", ""CLDN16"", ""EPB41L4B"", ""RDX"", ""ROCK1"", ""CLDN5"", ""PRKAA2"", ""TJP1"", ""GATA4"")"
"80","hsa04540 Gap junction",0.584810126582278,0.871698113207547,0.0833634065110386,0.291988334634379,0.937491763902622,82,"c(""PRKCG"", ""TUBB1"", ""TUBB8B"", ""TUBB4A"", ""GRM5"", ""TUBB2A"", ""ADCY2"", ""GRM1"", ""TUBB3"", ""SRC"", ""EGF"", ""PDGFB"", ""PLCB4"", ""GRB2"", ""PLCB3"", ""CSNK1D"", ""PRKCB"", ""DRD2"", ""ADCY9"", ""TUBB2B"", ""PDGFA"", ""MAPK3"", ""TUBB4B"", ""PLCB2"", ""GNAI2"")"
"81","hsa04550 Signaling pathways regulating pluripotency of stem cells",0.14018691588785,0.479021168317904,0.14551614609036,-0.417495527436824,-1.27646430961981,130,"c(""INHBC"", ""INHBE"", ""ZIC3"", ""BMPR1B"", ""ONECUT1"", ""FGFR2"", ""LEFTY2"", ""SMAD9"", ""SOX2"", ""WNT4"", ""WNT2"", ""WNT9B"", ""DLX5"", ""LIFR"", ""ACVR2A"", ""OTX1"", ""FZD6"", ""NANOG"", ""FGFR3"", ""PAX6"", ""ID4"", ""IGF1"", ""WNT1"", ""RIF1"", ""ACVR1C"", ""FZD8"", ""PIK3CA"", ""ID1"", ""SMARCAD1"", ""FGFR4"", ""FZD1"", ""PIK3CB"", ""APC"", ""WNT16"", ""BMPR1A"", ""AKT3"", ""PCGF6"", ""IL6ST"", ""NRAS"", ""PIK3R1"", ""BMPR2"", ""FZD3"", ""ZFHX3"")"
"82","hsa04610 Complement and coagulation cascades",4.95452368177683e-09,3.9140737086037e-07,0.761460801445585,-0.81089145304089,-2.36093907776386,86,"c(""F9"", ""CFHR2"", ""C4BPA"", ""F2"", ""KNG1"", ""C8B"", ""FGA"", ""FGG"", ""C8A"", ""PLG"", ""FGB"", ""SERPIND1"", ""SERPINC1"", ""CFHR5"", ""VTN"", ""MBL2"", ""CFHR4"", ""F13B"", ""MASP2"", ""F11"", ""MASP1"", ""CPB2"", ""C4BPB"", ""F10"", ""F12"", ""C6"", ""CFHR1"", ""C9"", ""PROC"", ""C7"", ""SERPINF2"", ""CLU"", ""F5"", ""SERPINA1"", ""F2RL3"", ""CFH"")"
"83","hsa04611 Platelet activation",0.346811819595645,0.729880024520536,0.0852884689790502,-0.35379512831069,-1.07532910144197,122,"c(""F2"", ""FGA"", ""FGG"", ""FGB"")"
"84","hsa04612 Antigen processing and presentation",0.000500303607312045,0.0154353136325455,0.477270815362862,0.615378318122992,1.92389860427906,70,"c(""KIR3DL1"", ""KIR2DL3"", ""KIR2DS4"", ""KIR3DL2"", ""KIR2DL4"", ""KLRC1"", ""TNF"", ""TAP1"", ""HLA-DQB2"", ""IFI30"", ""HLA-G"", ""CD8B2"", ""HLA-B"", ""HLA-A"", ""CD74"", ""CIITA"", ""HLA-DOB"", ""HLA-DQA1"", ""HLA-DRB1"", ""HLA-DOA"", ""CTSB"", ""PSME2"", ""HLA-C"", ""HLA-DMA"", ""HLA-DQB1"", ""CD4"", ""HLA-DRB5"", ""HLA-DRA"", ""IFNG"", ""KLRC2"", ""HLA-F"", ""CTSL"", ""HLA-DPA1"", ""HLA-DPB1"")"
"85","hsa04613 Neutrophil extracellular trap formation",0.0693548221250788,0.365268729858748,0.287805130535564,0.357000124038183,1.26142763638234,181,"c(""PRKCG"", ""PADI4"", ""H3Y1"", ""H3C12"", ""CAMP"", ""LOC102723407"", ""H3C3"", ""H3C8"", ""H3C7"", ""ITGA2B"", ""FCGR3B"", ""MPO"", ""H3-7"", ""FPR1"", ""GP1BA"", ""H2AC14"", ""H2AC25"", ""H3C11"", ""H2BC8"", ""H2BC3"", ""FCGR1A"", ""H2BC10"", ""AZU1"", ""H2BC9"", ""H3C4"", ""CR1"", ""FPR2"", ""H2BC14"", ""NCF4"", ""SELP"", ""H4C4"", ""CR1L"", ""TLR7"", ""GSDMD"", ""SIGLEC9"", ""CYBA"", ""H2AC8"", ""FCGR3A"", ""H4C15"", ""ITGB2"", ""SRC"")"
"86","hsa04614 Renin-angiotensin system",0.722457627118644,0.992593957258659,0.0635007968065945,0.325620992620854,0.798045259662265,20,"c(""REN"", ""ACE"", ""KLK1"")"
"87","hsa04620 Toll-like receptor signaling pathway",0.249376558603491,0.691254320339502,0.137250779610133,0.337813072910774,1.1175022898475,92,"c(""IFNA5"", ""IL6"", ""CCL4L2"", ""TNF"", ""CCL3"", ""IRF7"", ""CXCL10"", ""CXCL11"", ""MAP2K3"", ""IRF5"", ""TLR7"", ""CD40"", ""CD80"", ""CXCL8"", ""CXCL9"", ""CCL3L1"", ""CCL4"", ""IRF9"", ""STAT2"", ""CD14"", ""TICAM1"", ""IFNAR2"", ""TOLLIP"", ""NFKBIA"", ""PIK3CD"", ""PIK3R2"", ""IKBKE"", ""MAPK12"", ""MAPK3"", ""MAP3K8"", ""MAP2K7"", ""MAPK13"", ""PIK3R3"", ""RELA"", ""MAP2K2"")"
"88","hsa04621 NOD-like receptor signaling pathway",0.448979591836735,0.812960645251008,0.107140237276725,0.279512202464862,0.986600010710725,159,"c(""IFNA5"", ""CAMP"", ""IL6"", ""NLRP12"", ""TNF"", ""NLRP7"", ""IRF7"", ""CXCL1"", ""NOD2"", ""PYDC5"", ""NLRP6"", ""TRPM2"", ""CTSB"", ""GSDMD"", ""PYCARD"", ""CXCL8"", ""CYBA"", ""MEFV"", ""AIM2"", ""OAS2"", ""CARD9"", ""TRPV2"", ""GBP5"", ""BCL2L1"", ""NLRC4"", ""IRF9"", ""SHARPIN"", ""GPSM3"", ""STAT2"", ""TICAM1"", ""IFNAR2"", ""OAS3"", ""BIRC3"", ""TRAF2"", ""GBP4"", ""NFKBIA"", ""PLCB4"", ""P2RX7"", ""PLCB3"", ""OAS1"", ""IL18"", ""GABARAP"", ""RNF31"", ""IKBKE"", ""MAPK12"", ""MAPK3"", ""NLRX1"", ""MAP1LC3A"", ""PLCB2"", ""MAPK13"", ""RELA"", ""STING1"", ""CASP5"", ""MFN2"", ""TYK2"", ""TRAF3"", 
""NLRP3"", ""CXCL3"", ""RIPK3"")"
"89","hsa04622 RIG-I-like receptor signaling pathway",0.626506024096386,0.899890470974808,0.0770736734944102,0.298699672115863,0.896224581929739,57,"c(""IFNA5"", ""TNF"", ""IRF7"", ""CXCL10"", ""CXCL8"", ""TKFC"", ""CASP10"", ""DHX58"", ""TRAF2"", ""NFKBIA"", ""ISG15"", ""IKBKE"", ""MAPK12"", ""NLRX1"", ""ZNFX1"", ""MAPK13"", ""RELA"", ""STING1"", ""TBKBP1"", ""PIN1"", ""TRAF3"", ""TRADD"", ""IRF3"", ""OTUD5"", ""TRIM25"", ""FADD"", ""IKBKG"", ""CYLD"", ""NFKB1"")"
"90","hsa04623 Cytosolic DNA-sensing pathway",0.107579462102689,0.424938875305623,0.213927855492356,0.41070508770038,1.27787019356661,68,"c(""IFNA5"", ""IL6"", ""CCL4L2"", ""IRF7"", ""CXCL10"", ""DNASE2"", ""GSDMD"", ""PYCARD"", ""POLR2F"", ""MEFV"", ""AIM2"", ""CCL4"", ""ZBP1"", ""NFKBIA"", ""ZDHHC11"", ""IL18"", ""IKBKE"", ""RELA"", ""STING1"", ""POLR2E"", ""NLRP3"", ""SAMHD1"", ""RIPK3"", ""IRF3"", ""FADD"", ""POLR2L"", ""IKBKG"", ""IL1B"", ""NFKB1"", ""CASP1"")"
"91","hsa04625 C-type lectin receptor signaling pathway",0.238845144356955,0.673884514435696,0.144630528034484,0.342403576272687,1.13705173575978,101,"c(""CLEC1B"", ""CALML6"", ""IL6"", ""EGR2"", ""BCL3"", ""TNF"", ""EGR3"", ""RELB"", ""CCL22"", ""NFKB2"", ""IRF1"", ""PLK3"", ""NFATC1"", ""PYCARD"", ""CARD9"", ""RRAS"", ""SRC"", ""IRF9"", ""STAT2"", ""MAP3K14"", ""CLEC7A"", ""LSP1"", ""IL10"", ""NFKBIA"", ""PIK3CD"", ""CD209"", ""MRAS"", ""PIK3R2"", ""IKBKE"", ""MAPK12"", ""MAPK3"", ""PLCG2"", ""MAPK13"", ""PIK3R3"", ""RELA"")"
"92","hsa04630 JAK-STAT signaling pathway",0.448753462603878,0.812960645251008,0.103958471559957,0.295203447917931,1.00279746416005,133,"c(""IL19"", ""IL13"", ""IFNA5"", ""IL6"", ""IL31RA"", ""IL3RA"", ""OSM"", ""SOCS1"", ""CSF3R"", ""SOCS3"", ""IFNLR1"", ""CSF2RB"", ""IL7R"", ""IL13RA2"", ""JAK3"", ""CISH"", ""CCND2"", ""STAT5A"", ""IL2RA"", ""CCND3"", ""IL27"", ""IL12RB1"", ""BCL2L1"", ""PRL"", ""EPOR"", ""IFNG"", ""IRF9"", ""STAT2"", ""IL6R"", ""IFNAR2"", ""IL10RA"", ""EGF"", ""PDGFB"", ""CLCF1"", ""IL10"", ""IL11RA"", ""PIK3CD"", ""CTF1"", ""IL2RB"", ""IL15RA"", ""IL10RB"", ""GRB2"", ""PIM1"")"
"93","hsa04640 Hematopoietic cell lineage",0.000586151150602992,0.0154353136325455,0.477270815362862,0.590721469751943,1.93988182998216,91,"c(""GP9"", ""IL6"", ""LOC102723407"", ""CR2"", ""CD1A"", ""ITGA2B"", ""IL3RA"", ""MS4A1"", ""GP5"", ""CD19"", ""GP1BA"", ""CSF3R"", ""CD22"", ""GYPA"", ""FCGR1A"", ""FLT3"", ""TNF"", ""CD7"", ""FCER2"", ""CD1B"", ""IL1R2"", ""HLA-DQB2"", ""CR1"", ""IL7R"", ""CD8B2"", ""ITGA3"", ""CD38"", ""HLA-DOB"", ""HLA-DQA1"", ""HLA-DRB1"", ""CR1L"", ""HLA-DOA"", ""IL2RA"", ""CSF1R"", ""HLA-DMA"", ""HLA-DQB1"", ""CD1D"", ""CD4"", ""HLA-DRB5"", ""HLA-DRA"", ""EPOR"", ""CD14"", ""IL6R"", ""CD37"", ""HLA-DPA1"", ""HLA-DPB1"")"
"94","hsa04650 Natural killer cell mediated cytotoxicity",0.00049272816071315,0.0154353136325455,0.477270815362862,0.55799140219557,1.87001809506154,108,"c(""PRKCG"", ""KIR3DL1"", ""IFNA5"", ""KIR2DL3"", ""LOC102723407"", ""KIR2DS4"", ""KIR3DL2"", ""SH2D1B"", ""FCGR3B"", ""NCR3"", ""KIR2DL4"", ""NCR1"", ""KLRC1"", ""ULBP2"", ""TNF"", ""SHC2"", ""HLA-G"", ""HLA-B"", ""HLA-A"", ""NFATC1"", ""HLA-C"", ""LAT2"", ""ICAM1"", ""MICA"", ""FCGR3A"", ""ITGB2"", ""IFNG"", ""MICB"", ""KLRC2"", ""PRF1"", ""IFNAR2"", ""PTK2B"", ""HCST"", ""PIK3CD"", ""HLA-E"", ""GRB2"", ""CSF2"", ""SH3BP2"", ""PRKCB"", ""PTPN6"", ""ICAM2"", ""RAC3"", ""PIK3R2"", ""MAPK3"", ""PLCG2"", ""VAV1"")"
"95","hsa04657 IL-17 signaling pathway",0.0648379052369077,0.363840340103921,0.282013350011725,0.444078916997394,1.42844208425477,81,"c(""IL13"", ""LCN2"", ""CXCL5"", ""CCL20"", ""IL6"", ""S100A8"", ""MAPK15"", ""MMP9"", ""MMP3"", ""TNF"", ""S100A9"", ""FOSB"", ""CXCL10"", ""CXCL1"", ""IL17RC"", ""MUC5B"", ""CXCL8"")"
"96","hsa04658 Th1 and Th2 cell differentiation",0.0653266331658292,0.363840340103921,0.282013350011725,0.433993594416386,1.41217436237545,86,"c(""IL13"", ""DLL3"", ""HLA-DQB2"", ""NFKBIE"", ""JAK3"", ""HLA-DOB"", ""HLA-DQA1"", ""HLA-DRB1"", ""STAT5A"", ""JAG2"", ""HLA-DOA"", ""IL2RA"", ""NFATC1"", ""HLA-DMA"", ""HLA-DQB1"", ""TBX21"", ""CD4"", ""HLA-DRB5"", ""IL12RB1"", ""HLA-DRA"", ""IFNG"", ""NOTCH3"", ""HLA-DPA1"", ""HLA-DPB1"", ""NFKBIA"", ""IL2RB"", ""MAML3"", ""DLL1"", ""MAPK12"", ""IL4R"", ""MAPK3"", ""STAT6"", ""MAPK13"", ""DLL4"", ""RELA"")"
"97","hsa04659 Th17 cell differentiation",0.238845144356955,0.673884514435696,0.144630528034484,0.34221210742782,1.13641590717187,101,"c(""IL6"", ""FOXP3"", ""HLA-DQB2"", ""NFKBIE"", ""JAK3"", ""HLA-DOB"", ""HLA-DQA1"", ""HLA-DRB1"", ""STAT5A"", ""HLA-DOA"", ""IL2RA"", ""NFATC1"", ""HLA-DMA"", ""HLA-DQB1"", ""TBX21"", ""CD4"", ""IL27"", ""HLA-DRB5"", ""IL12RB1"", ""HLA-DRA"", ""IFNG"", ""IL6R"", ""EBI3"", ""HLA-DPA1"", ""HLA-DPB1"", ""NFKBIA"", ""IL2RB"", ""STAT3"", ""TGFB1"", ""MAPK12"", ""RXRA"", ""IL4R"", ""MAPK3"", ""IL21R"", ""STAT6"", ""IL27RA"", ""MAPK13"", ""RELA"", ""RXRG"", ""TYK2"", ""IL23R"", ""RXRB"")"
"98","hsa04660 T cell receptor signaling pathway",0.942779291553134,1,0.0628003977812234,0.215316625807752,0.725025975844637,117,"c(""PPP2R3B"", ""CTLA4"", ""TNF"", ""PDCD1"", ""NFKBIE"", ""CD8B2"", ""ICOS"", ""NFATC1"", ""CD4"", ""PAK4"", ""PPP2R2C"", ""IFNG"", ""MAP3K14"", ""IL10"", ""NFKBIA"", ""PIK3CD"", ""GRB2"", ""CSF2"", ""PTPN6"", ""PIK3R2"", ""MAPK12"", ""MAPK3"", ""VAV1"", ""MAP3K8"", ""MAP2K7"", ""CD28"", ""ITK"", ""MAPK13"", ""PIK3R3"", ""RELA"", ""MAP2K2"", ""CDC42"", ""PAK6"", ""PAK5"", ""PAK1"", ""AKT2"", ""TEC"")"
"99","hsa04662 B cell receptor signaling pathway",0.0151285380215992,0.170736357672333,0.380730400722792,0.49772005070455,1.60098630984539,81,"c(""LOC102723407"", ""LILRA4"", ""CR2"", ""BANK1"", ""BLK"", ""CD79A"", ""CD19"", ""CD22"", ""CD72"", ""NFKBIE"", ""CD79B"", ""LILRA1"", ""NFATC1"", ""LILRB1"", ""IFITM1"", ""LILRA5"", ""INPP5D"", ""NFKBIA"", ""PIK3CD"", ""DAPP1"", ""GRB2"", ""BLNK"", ""CD81"", ""RASGRP3"", ""PRKCB"", ""PIK3AP1"", ""PTPN6"", ""RAC3"", ""PIK3R2"", ""MAPK3"", ""PLCG2"", ""VAV1"", ""PIK3R3"", ""RELA"", ""INPPL1"", ""LILRA2"", ""MAP2K2"", ""LILRB2"", ""LILRB4"")"
"100","hsa04664 Fc epsilon RI signaling pathway",0.111111111111111,0.428184281842818,0.211400189384923,0.418448019267463,1.28696598864878,64,"c(""IL13"", ""LOC102723407"", ""PLA2G4C"", ""ALOX5"", ""PLA2G4F"", ""TNF"", ""MAP2K3"", ""PLA2G4D"", ""MS4A2"", ""INPP5D"", ""PIK3CD"", ""GRB2"", ""CSF2"", ""RAC3"", ""PIK3R2"", ""MAPK12"", ""MAPK3"", ""PLCG2"", ""PLA2G4B"", ""VAV1"", ""MAP2K7"", ""JMJD7-PLA2G4B"", ""MAPK13"", ""PIK3R3"", ""MAP2K2"")"
"101","hsa04666 Fc gamma R-mediated phagocytosis",0.0390362889043373,0.324485167547448,0.321775918075361,0.447380990471654,1.48149311801193,96,"c(""PRKCG"", ""LOC102723407"", ""PLPP2"", ""FCGR3B"", ""PLA2G4C"", ""PLA2G4F"", ""FCGR1A"", ""SPHK1"", ""ACTR3C"", ""PLA2G4D"", ""LIMK2"", ""GSN"", ""HCK"", ""FCGR3A"", ""SPHK2"", ""SCIN"", ""VASP"", ""INPP5D"", ""PIK3CD"", ""LIMK1"", ""PLD2"", ""CFL1"", ""PRKCB"", ""RPS6KB2"", ""NCF1"", ""PIP5K1B"", ""PIK3R2"", ""ARPC1B"", ""MAPK3"", ""PLCG2"", ""PLA2G4B"", ""VAV1"", ""PIP5K1C"", ""JMJD7-PLA2G4B"", ""PIK3R3"", ""INPPL1"", ""CDC42"")"
"102","hsa04668 TNF signaling pathway",0.318801089918256,0.711415904682738,0.12563992130984,0.316035775775415,1.06417303296389,117,"c(""CXCL5"", ""CCL20"", ""IL6"", ""SELE"", ""MMP9"", ""SOCS3"", ""BCL3"", ""MMP3"", ""TNF"", ""CXCL10"", ""CXCL1"", ""MAP2K3"", ""LTA"", ""NOD2"", ""RHBDF2"", ""IRF1"", ""RPS6KA4"", ""TNFRSF1B"", ""ICAM1"", ""CREB3L1"", ""MAP3K14"", ""CASP10"", ""FRMD8"", ""JUNB"", ""DAB2IP"", ""BIRC3"", ""TRAF2"", ""CEBPB"", ""VCAM1"", ""NFKBIA"", ""PIK3CD"", ""CSF1"")"
"103","hsa04670 Leukocyte transendothelial migration",0.55663430420712,0.863635278672873,0.0630790410571939,-0.308666870780696,-0.919663484753195,107,"c(""CLDN3"", ""CLDN1"", ""CLDN10"", ""CLDN2"", ""CLDN11"", ""CLDN4"", ""OCLN"", ""CLDN22"", ""CLDN16"", ""ROCK1"", ""CLDN5"", ""MYL10"", ""GNAI1"", ""ARHGAP5"")"
"104","hsa04672 Intestinal immune network for IgA production",0.00553758037862425,0.0729114749852192,0.407017918923954,0.644939325104318,1.85273688269055,45,"c(""CCL25"", ""IL6"", ""LOC102723407"", ""TNFRSF13B"", ""ICOSLG"", ""TNFRSF13C"", ""CCR10"", ""HLA-DQB2"", ""AICDA"", ""ICOS"", ""HLA-DOB"", ""HLA-DQA1"", ""HLA-DRB1"", ""MADCAM1"", ""HLA-DOA"", ""TNFRSF17"", ""CD40"", ""LOC102723996"", ""CD80"", ""HLA-DMA"", ""HLA-DQB1"", ""HLA-DRB5"", ""HLA-DRA"", ""MAP3K14"", ""HLA-DPA1"", ""HLA-DPB1"", ""IL10"")"
"105","hsa04710 Circadian rhythm",0.752314814814815,1,0.0658311958368866,0.297947608014078,0.807836169499198,34,"c(""PRKAG3"", ""TPTEP2-CSNK1E"")"
"106","hsa04713 Circadian entrainment",0.124681933842239,0.458133617373809,0.20207170902116,0.382046313214189,1.25460938727535,91,"c(""PRKCG"", ""CALML6"", ""ADCYAP1R1"", ""KCNJ6"", ""CACNA1H"", ""NOS1"", ""CACNA1I"", ""GRIN2B"", ""GRIN1"", ""GNG7"", ""CACNA1G"", ""GRIN2C"", ""ADCY2"", ""KCNJ9"", ""RYR1"", ""GNGT2"", ""CAMK2A"", ""CAMK2B"", ""MTNR1A"")"
"107","hsa04714 Thermogenesis",1,1,0.0302041948644786,-0.160134743007124,-0.516806448844968,224,"c(""KLB"", ""CREB3L3"", ""LOC107984365"", ""COX7A1"", ""RPS6KA6"", ""PRKG1"", ""PRKAA2"", ""COX17"", ""NDUFAF2"", ""ATP5PB"", ""NDUFC2"", ""COA6"", ""ADCY5"", ""ATP5F1C"", ""ADCY8"", ""UQCRB"", ""NDUFS4"", ""ACSL3"", ""COX20"", ""UQCRHL"", ""ACTL6A"", ""NDUFA5"", ""RPS6KA3"", ""SOS2"", ""NDUFAF4"", ""SMARCC1"", ""COX7C"", ""PLIN1"", ""ATP5PF"", ""NRAS"", ""NDUFA4"", ""COX5A"", ""NDUFB6"", ""COX7B"", ""PRKAA1"", ""PPARG"", ""ACSL4"", ""ND2"", ""SDHC"", ""SDHD"", ""COX7A2"", ""ND4L"", ""RPS6"", ""ATP5PO"", ""NDUFA6"", ""ADCY1"")"
"108","hsa04720 Long-term potentiation",0.333333333333333,0.721461187214612,0.115734447701689,0.349523631247504,1.07254013265612,63,"c(""PRKCG"", ""CALML6"", ""GRIN2B"", ""GRIN1"", ""GRM5"", ""GRIN2C"", ""GRM1"", ""RPS6KA1"", ""CAMK2A"", ""CAMK2B"", ""RAPGEF3"", ""GRIA2"", ""PLCB4"", ""PLCB3"", ""PRKCB"", ""MAPK3"", ""PLCB2"", ""GRIA1"", ""MAP2K2"", ""GRIN2D"", ""CALM3"")"
"109","hsa04721 Synaptic vesicle cycle",0.57002457002457,0.863635278672873,0.083129129135339,0.296294219305784,0.929710734666221,71,"c(""UNC13C"", ""SLC6A11"", ""SLC6A7"", ""UNC13A"", ""SLC18A2"", ""CACNA1B"", ""CPLX1"", ""SLC6A12"", ""SLC6A3"", ""SLC17A7"", ""ATP6V1G2"", ""CACNA1A"", ""ATP6V1C2"", ""SLC6A5"", ""ATP6V1B1"")"
"110","hsa04722 Neurotrophin signaling pathway",0.313351498637602,0.711415904682738,0.126875729929857,0.319107819431296,1.07451738719612,117,"c(""ARHGDIG"", ""NTF4"", ""CALML6"", ""NTRK1"", ""BDNF"", ""SH2B2"", ""SHC2"", ""NFKBIE"")"
"111","hsa04723 Retrograde endocannabinoid signaling",0.953846153846154,1,0.0357690767485421,-0.224387931040278,-0.694090347361958,140,"c(""GABRA4"", ""GABRG1"", ""GABRB2"", ""KCNJ3"", ""LOC107984365"", ""MAPK10"", ""CACNA1C"", ""GRIA4"", ""GNAI1"", ""GABRA3"", ""GNG12"", ""GABRP"", ""GNG11"", ""NDUFC2"", ""SLC17A6"", ""ADCY5"")"
"112","hsa04724 Glutamatergic synapse",0.178343949044586,0.552516548020482,0.128788713061714,-0.412169524114024,-1.23447662250831,109,"c(""GRM6"", ""SLC1A6"", ""SLC38A3"", ""SLC1A7"", ""KCNJ3"", ""GLS2"", ""SLC1A2"", ""SHANK2"", ""CACNA1C"", ""GRIK1"", ""HOMER1"", ""GRIA4"", ""GNAI1"")"
"113","hsa04725 Cholinergic synapse",0.294270833333333,0.711415904682738,0.128142916898415,0.32401270507181,1.08964237570469,106,"c(""PRKCG"", ""CACNA1S"", ""KCNQ2"", ""CHRNA6"", ""KCNJ6"", ""KCNJ12"", ""CHRM1"", ""CHRFAM7A"", ""CACNA1B"", ""GNG7"", ""CHRNA7"", ""KCNQ4"", ""CACNA1A"", ""ADCY2"", ""KCNJ2"", ""GNGT2"", ""CREB3L1"", ""CAMK2A"", ""CAMK2B"", ""ACHE"")"
"114","hsa04726 Serotonergic synapse",0.0631067961165049,0.363840340103921,0.227987202850442,-0.483165821046375,-1.43318194021097,102,"c(""DDC"", ""CYP2C19"", ""CYP2C9"", ""CYP2C8"", ""CYP2C18"", ""HTR3A"", ""GABRB2"", ""KCNJ3"", ""TPH2"", ""MAOB"", ""HTR7"", ""CYP4X1"", ""CACNA1C"", ""TPH1"", ""HTR2A"", ""HTR4"", ""SLC6A4"", ""DUSP1"", ""CYP2J2"")"
"115","hsa04727 GABAergic synapse",0.59746835443038,0.882242990654206,0.0822054920415869,0.288960031307795,0.927768740444078,82,"c(""PRKCG"", ""CACNA1S"", ""SLC6A11"", ""KCNJ6"", ""CACNA1B"", ""GABRD"", ""GABRG3"", ""GNG7"", ""SLC38A5"", ""GABRR1"", ""SLC6A12"", ""GABBR2"", ""GABRA5"", ""CACNA1A"", ""ADCY2"", ""HAP1"", ""GNGT2"")"
"116","hsa04728 Dopaminergic synapse",0.375,0.75,0.0806388495950661,-0.344669651613186,-1.0517789017835,126,"c(""DDC"", ""CREB3L3"", ""KCNJ3"", ""MAPK10"", ""MAOB"", ""CACNA1C"", ""DRD1"", ""KIF5B"", ""GRIA4"", ""GNAI1"", ""MAOA"", ""FOS"", ""GNG12"", ""GNG11"", ""CALML4"", ""TH"", ""ADCY5"", ""PPP2R5E"", ""CALY"", ""PPP2CB"", ""GNG8"")"
"117","hsa04730 Long-term depression",0.527980535279805,0.863635278672873,0.086794975677172,0.316473537615999,0.945253627232006,56,"c(""PRKCG"", ""NOS1"", ""PLA2G4C"", ""PLA2G4F"", ""PLA2G4D"", ""CACNA1A"", ""GNAZ"", ""RYR1"", ""GRM1"", ""GRIA3"", ""GRIA2"", ""PLCB4"", ""PLCB3"", ""PRKCB"", ""MAPK3"", ""PLA2G4B"", ""PLCB2"", ""GNAI2"", ""JMJD7-PLA2G4B"", ""GRIA1"", ""MAP2K2"")"
"118","hsa04740 Olfactory transduction",0.0807799442896936,0.369814366424536,0.266350657088526,0.384603181386379,1.30621412003987,132,"c(""OR2AG1"", ""OR5AR1"", ""OR12D2"", ""OR9K2"", ""OR52K2"", ""CALML6"", ""OR2T2"", ""OR2T8"", ""SLC8A2"", ""OR2L3"", ""OR14J1"", ""OR2T11"", ""OR2T10"", ""OR10H1"", ""OR2W3"", ""OR2L8"", ""CNGB1"", ""OR3A3"", ""OR2AT4"", ""OR1J4"", ""OR52K1"", ""OR1J2"", ""OR6J1"", ""OR2A4"", ""OR2G6"", ""OR13A1"", ""GUCY2D"", ""OR14K1"", ""OR5AU1"", ""OR4X2"", ""OR51E1"", ""GNG7"", ""OR4F16"", ""OR4F29"", ""OR51C1P"")"
"119","hsa04742 Taste transduction",0.294840294840295,0.711415904682738,0.12384217120105,0.353147269633712,1.09779713919698,67,"c(""TRPM5"", ""HTR3C"", ""HTR1D"", ""TAS1R3"", ""HTR1B"", ""CALHM1"", ""TAS2R7"", ""GABBR2"", ""HTR3B"", ""GABRA5"", ""GRM4"", ""P2RX2"", ""CACNA1A"", ""PKD1L3"", ""KCNK5"", ""TAS1R1"", ""TAS2R9"", ""GRM1"")"
"120","hsa04744 Phototransduction",0.2882096069869,0.711415904682738,0.117249716749792,0.467618320685362,1.17384112438294,23,"c(""CALML6"", ""GRK1"", ""GNAT2"", ""CNGB1"", ""GUCY2D"", ""PDE6B"")"
"121","hsa04750 Inflammatory mediator regulation of TRP channels",0.324189526184539,0.711415904682738,0.118287526124085,0.323230445891504,1.06926224115545,92,"c(""PRKCG"", ""BDKRB1"", ""CALML6"", ""NTRK1"", ""ALOX12"", ""PLA2G4C"", ""BDKRB2"", ""PLA2G4F"", ""P2RY2"", ""ASIC3"", ""MAP2K3"", ""PLA2G4D"", ""TRPV4"", ""ADCY2"", ""PTGER4"", ""TRPV2"", ""CAMK2A"", ""SRC"", ""CAMK2B"")"
"122","hsa04810 Regulation of actin cytoskeleton",0.475433526011561,0.812960645251008,0.0652353056017703,-0.306349067969777,-0.989134187225366,219,"c(""F2"", ""KNG1"", ""C8B"", ""C8A"", ""FGF5"", ""CHRM2"", ""C6"", ""C9"", ""C7"", ""FGFR2"", ""MYH11"", ""PDGFRA"", ""FGF10"", ""ITGA9"", ""CHRM5"", ""C5"", ""RDX"", ""MYLK"", ""ROCK1"", ""WASF1"", ""MYL10"", ""FGF7"", ""C8G"", ""ITGB8"", ""ENAH"", ""GNG12"", ""CFL2"", ""EGFR"", ""ITGA6"", ""NCKAP1"", ""DIAPH2"", ""FGFR3"", ""IQGAP2"", ""LPAR4"", ""PFN4"")"
"123","hsa04910 Insulin signaling pathway",0.816155988857939,1,0.0709609456938284,0.244497432839144,0.828514200055505,131,"c(""PPP1R3A"", ""PRKAG3"", ""CALML6"", ""PYGM"", ""HK3"", ""SH2B2"", ""SOCS1"", ""SOCS3"", ""SHC2"", ""SLC2A4"", ""SREBF1"", ""FASN"")"
"124","hsa04911 Insulin secretion",0.573934837092732,0.863635278672873,0.0838361057159929,0.297467380394703,0.93685073681221,76,"c(""PRKCG"", ""CACNA1S"", ""ATP1B4"", ""ADCYAP1R1"", ""KCNN1"", ""GLP1R"", ""RIMS2"", ""KCNMB4"", ""ADCY2"", ""TRPM4"", ""CREB3L1"", ""KCNMB1"", ""KCNMA1"", ""CAMK2A"", ""CAMK2B"", ""RAPGEF4"", ""VAMP2"", ""ATP1B2"", ""KCNJ11"")"
"125","hsa04912 GnRH signaling pathway",0.369346733668342,0.75,0.110122263835536,0.313953817355481,1.02157621113169,86,"c(""CALML6"", ""CACNA1S"", ""LHB"", ""PLA2G4C"", ""PLA2G4F"", ""MAP2K3"", ""PLA2G4D"", ""ADCY2"", ""CAMK2A"", ""SRC"", ""CAMK2B"", ""PTK2B"", ""PLCB4"", ""GRB2"", ""PLCB3"", ""PLD2"", ""PRKCB"", ""HBEGF"", ""ADCY9"", ""MAPK12"", ""MAPK3"", ""PLA2G4B"", ""MAP2K7"", ""PLCB2"", ""JMJD7-PLA2G4B"", ""MAPK13"", ""MAP2K2"", ""CDC42"", ""CALM3"", ""ADCY7"", ""ADCY4"", ""PRKACA"", ""ELK1"", ""MAP3K3"", ""ITPR1"", ""ADCY6"", ""SOS1"")"
"126","hsa04913 Ovarian steroidogenesis",0.523364485981308,0.863635278672873,0.0850427463764322,0.33003587258732,0.945208564895101,43,"c(""HSD3B2"", ""CYP11A1"", ""LHB"", ""STAR"", ""ACOT4"", ""PLA2G4C"", ""CYP1A1"", ""ALOX5"", ""PLA2G4F"")"
"127","hsa04914 Progesterone-mediated oocyte maturation",0.483660130718954,0.812960645251008,0.0704500850658419,-0.328051128941667,-0.960077182469871,95,"c(""MAPK10"", ""PGR"", ""SPDYE4"", ""RPS6KA6"", ""CDC25A"", ""MAD2L1"", ""GNAI1"", ""HSP90AA1"", ""ADCY5"", ""SPDYA"", ""IGF1"", ""ANAPC10"", ""CDK1"", ""ADCY8"", ""PIK3CA"", ""AURKA"", ""CDC16"", ""CDC27"", ""CCNB1"", ""SPDYE21"", ""RPS6KA3"", ""PIK3CB"", ""CCNA2"", ""AKT3"", ""HSP90AB1"", ""PIK3R1"", ""BUB1"", ""ANAPC13"", ""CCNB2"", ""GNAI3"", ""ADCY1"", ""ANAPC1"", ""CPEB2"", ""ANAPC4"", ""KRAS"", ""MAPK8"")"
"128","hsa04915 Estrogen signaling pathway",0.301075268817204,0.711415904682738,0.128788713061714,0.321138765692568,1.07549676548163,113,"c(""KRT14"", ""KRT16"", ""CALML6"", ""OPRM1"", ""KCNJ6"", ""KRT36"", ""POMC"", ""MMP9"", ""SHC2"", ""CTSD"", ""GABBR2"", ""KRT17"", ""ADCY2"", ""KCNJ9"", ""ESR2"", ""GRM1"")"
"129","hsa04916 Melanogenesis",0.806045340050378,1,0.0665892104103933,0.247719334464386,0.819139431273578,93,"c(""PRKCG"", ""CALML6"", ""ASIP"", ""POMC"", ""WNT5B"", ""FZD10"", ""WNT6"", ""WNT10A"", ""ADCY2"", ""CREB3L1"", ""CAMK2A"", ""CAMK2B"")"
"130","hsa04917 Prolactin signaling pathway",0.802345058626466,1,0.0476387259290825,-0.273781603914547,-0.764255654498392,64,"c(""SLC2A2"", ""LHCGR"", ""MAPK10"", ""TNFRSF11A"")"
"131","hsa04918 Thyroid hormone synthesis",0.0209249806865588,0.194479232263311,0.352487857583619,-0.596166005088293,-1.68903979438324,69,"c(""SERPINA7"", ""IYD"", ""ALB"", ""CREB3L3"", ""TTR"", ""GPX2"", ""ASGR1"", ""ASGR2"", ""SLC26A4"", ""SLC5A5"", ""FXYD2"")"
"132","hsa04919 Thyroid hormone signaling pathway",0.287709497206704,0.711415904682738,0.135002033828631,0.323533785921016,1.08656603397622,119,"c(""PRKCG"", ""ATP1B4"", ""MYH6"", ""ATP2A1"", ""DIO3"", ""MYH7"")"
"133","hsa04920 Adipocytokine signaling pathway",0.478920741989882,0.812960645251008,0.0725351864394589,-0.340620525516133,-0.961253213372634,68,"c(""PCK1"", ""G6PC1"", ""MAPK10"", ""ADIPOQ"", ""LEPR"", ""LEP"")"
"134","hsa04921 Oxytocin signaling pathway",0.0819209039548023,0.369814366424536,0.266350657088526,0.370591774776438,1.28017855674899,144,"c(""PRKCG"", ""PRKAG3"", ""CACNG7"", ""CACNG1"", ""CALML6"", ""CACNA1S"", ""KCNJ6"", ""KCNJ12"", ""PLA2G4C"", ""CACNG5"", ""CACNA2D2"", ""PLA2G4F"", ""CD38"", ""PLA2G4D"", ""TRPM2"", ""ADCY2"", ""KCNJ2"", ""CACNA2D4"", ""KCNJ9"", ""RYR1"", ""NFATC1"", ""CACNG6"", ""MYLK2"", ""CAMK2A"", ""SRC"", ""CAMK2B"")"
"135","hsa04922 Glucagon signaling pathway",0.0892857142857143,0.381274131274131,0.190023305279108,-0.472980926664125,-1.39471572169426,98,"c(""PCK1"", ""GCGR"", ""SLC2A2"", ""G6PC1"", ""CREB3L3"", ""GYS2"", ""PFKFB1"", ""FBP2"")"
"136","hsa04923 Regulation of lipolysis in adipocytes",0.98458904109589,1,0.0392758570896778,-0.190714047103514,-0.516625226642946,52,"c(""FABP4"", ""PRKG1"", ""GNAI1"", ""PTGER3"", ""ADCY5"", ""ADCY8"", ""PIK3CA"", ""IRS4"", ""NPY1R"", ""PIK3CB"", ""AKT3"", ""PLIN1"", ""PIK3R1"", ""GNAI3"", ""ADCY1"", ""IRS1"", ""PRKACB"", ""ABHD5"", ""PLAAT3"", ""GNAS"")"
"137","hsa04924 Renin secretion",0.317617866004963,0.711415904682738,0.119348440591015,0.355134429152446,1.07913920164326,61,"c(""REN"", ""CALML6"", ""CACNA1S"", ""ADCYAP1R1"", ""EDN3"", ""ACE"", ""ADORA1"", ""CLCA2"", ""CTSB"", ""KCNJ2"", ""PTGER4"", ""KCNMA1"")"
"138","hsa04925 Aldosterone synthesis and secretion",0.142493638676845,0.479021168317904,0.188204146308491,0.37374041453157,1.22733348355231,91,"c(""PRKCG"", ""CALML6"", ""CACNA1S"", ""ATP1B4"", ""HSD3B2"", ""CYP11A1"", ""CACNA1H"", ""STAR"", ""CACNA1I"", ""POMC"")"
"139","hsa04926 Relaxin signaling pathway",0.862714508580343,1,0.0410713282497468,-0.249293705760881,-0.756794969619796,120,"c(""RLN2"", ""CREB3L3"", ""RLN1"", ""MAPK10"", ""COL4A6"", ""GNAI1"", ""EDN1"", ""FOS"", ""GNG12"", ""EDNRB"", ""GNG11"", ""EGFR"", ""ADCY5"", ""GNG8"", ""ADCY8"", ""PIK3CA"")"
"140","hsa04927 Cortisol synthesis and secretion",0.321951219512195,0.711415904682738,0.117249716749792,0.354945872449873,1.07683858872343,59,"c(""CACNA1S"", ""HSD3B2"", ""CYP11A1"", ""CACNA1H"", ""NR5A1"", ""STAR"", ""MRAP"", ""CACNA1I"", ""POMC"", ""CACNA1G"", ""NR4A1"", ""ADCY2"", ""KCNK3"")"
"141","hsa04928 Parathyroid hormone synthesis, secretion and action",0.863157894736842,1,0.0653834195468773,0.237102143457087,0.794609552939361,108,"c(""PRKCG"", ""CYP24A1"", ""SLC12A3"", ""MMP25"", ""VDR"", ""BGLAP"", ""ADCY2"", ""CYP27B1"", ""CREB3L1"", ""MAFB"", ""MMP17"", ""NR4A2"", ""NACA2"", ""MMP24"", ""ARRB1"", ""PLCB4"", ""PDE4A"", ""SLC34A1"", ""PLCB3"", ""PLD2"", ""PRKCB"", ""ARRB2"", ""HBEGF"", ""ADCY9"", ""RXRA"", ""MAPK3"", ""PLCB2"", ""GNAI2"", ""MEF2D"", ""CREB3"", ""RXRG"", ""ATF6B"", ""ADCY7"", ""RXRB"", ""WNK2"", ""ADCY4"", ""PRKACA"", ""ARAF"", ""ITPR1"", ""ARHGEF11"", ""ADCY6"", ""TRPV5"", ""WNK4"")"
"142","hsa04929 GnRH secretion",0.0234570565992816,0.20590083014925,0.352487857583619,0.505751224087487,1.54271924290654,62,"c(""PRKCG"", ""KISS1R"", ""CACNA1S"", ""KCNN1"", ""KCNJ6"", ""CACNA1H"", ""LHB"", ""CACNA1I"", ""HCN2"", ""CACNA1G"", ""GABBR2"")"
"143","hsa04935 Growth hormone synthesis, secretion and action",0.987220447284345,1,0.0359208664409425,-0.203818652530991,-0.609644389942508,110,"c(""CREB3L3"", ""IGFALS"", ""SSTR1"", ""MAPK10"", ""IGFBP3"", ""GHR"", ""CACNA1C"")"
"144","hsa04960 Aldosterone-regulated sodium reabsorption",0.303240740740741,0.711415904682738,0.11776578836269,0.411549641672269,1.11584948878524,34,"c(""PRKCG"", ""ATP1B4"", ""HSD11B2"")"
"145","hsa04961 Endocrine and other factor-regulated calcium reabsorption",0.103614457831325,0.419771393265369,0.216542836735348,0.454559891513671,1.33546343188642,50,"c(""PRKCG"", ""SLC8A2"", ""CALB1"", ""ATP1B4"", ""BDKRB2"", ""VDR"", ""KLK1"")"
"146","hsa04962 Vasopressin-regulated water reabsorption",0.548463356973995,0.863635278672873,0.083129129135339,0.329224391322827,0.931927927913579,41,"c(""ARHGDIG"", ""AVPR2"")"
"147","hsa04964 Proximal tubule bicarbonate reclamation",0.136029411764706,0.479021168317904,0.161978948883402,-0.565878734479048,-1.34178316983249,23,"c(""PCK1"", ""SLC38A3"", ""GLS2"", ""FXYD2"", ""SLC4A4"", ""ATP1A4"")"
"148","hsa04966 Collecting duct acid secretion",0.0755555555555556,0.369814366424536,0.245041785430996,0.562808033724905,1.46106285918355,26,"c(""SLC4A1"", ""CLCNKB"", ""ATP4A"", ""ATP6V1G2"", ""ATP6V1C2"", ""ATP6V1B1"", ""TCIRG1"")"
"149","hsa04970 Salivary secretion",0.00914157651927801,0.111105314618917,0.380730400722792,0.510348361554708,1.63858390533936,82,"c(""PRKCG"", ""PRB1"", ""CST2"", ""CALML6"", ""CST4"", ""ATP1B4"", ""CAMP"", ""CST1"", ""CST5"", ""NOS1"", ""HTN1"", ""ADRA1D"", ""LPO"", ""LYZ"", ""CD38"", ""MUC5B"", ""ADCY2"")"
"150","hsa04971 Gastric acid secretion",0.17283950617284,0.546172839506173,0.166933848713193,0.378710566240634,1.17608627230485,69,"c(""PRKCG"", ""CALML6"", ""ATP1B4"", ""KCNK10"", ""KCNJ15"", ""KCNJ10"", ""SSTR2"", ""HRH2"", ""ATP4A"", ""ADCY2"", ""KCNJ2"", ""MYLK2"", ""CAMK2A"", ""CAMK2B"")"
"151","hsa04972 Pancreatic secretion",0.151006711409396,0.497063758389262,0.14551614609036,-0.445155187016259,-1.2772007049783,79,"c(""PLA2G12B"", ""CFTR"", ""CPB2"", ""CPB1"", ""PLA2G2A"", ""ATP2B2"", ""PLA2G1B"", ""PLA2G5"", ""SCTR"", ""AMY2A"", ""CPA2"", ""PNLIPRP2"", ""CTRL"")"
"152","hsa04973 Carbohydrate digestion and absorption",0.186528497409326,0.566759665205261,0.131457611642763,-0.482378382126598,-1.24950199808427,41,"c(""SLC2A2"", ""G6PC1"", ""SLC5A1"", ""AMY2A"", ""MGAM2"", ""FXYD2"", ""HKDC1"", ""ATP1A4"")"
"153","hsa04974 Protein digestion and absorption",0.552459016393443,0.863635278672873,0.0640703750499722,-0.314426624891952,-0.919271301734533,89,"c(""CPB2"", ""CPB1"", ""SLC15A1"", ""ELN"", ""SLC8A3"", ""CPA2"", ""CTRL"", ""COL4A6"", ""COL14A1"", ""FXYD2"", ""COL21A1"", ""DPP4"", ""SLC16A10"", ""COL9A1"", ""ATP1A4"", ""XPNPEP2"")"
"154","hsa04975 Fat digestion and absorption",0.00013768249999434,0.00725127833303522,0.518848077743792,-0.829672480767634,-2.08025588488674,33,"c(""FABP1"", ""APOA1"", ""APOB"", ""PLA2G12B"", ""MOGAT2"", ""ABCG8"", ""MOGAT3"", ""ABCG5"", ""PLA2G2A"", ""MTTP"", ""PLA2G1B"", ""NPC1L1"", ""PLA2G5"", ""PNLIPRP2"")"
"155","hsa04976 Bile secretion",5.3359097050245e-11,8.43073733393871e-09,0.851339057116899,-0.851129068031372,-2.44198580051025,79,"c(""UGT2B15"", ""SULT2A1"", ""UGT1A1"", ""UGT1A4"", ""UGT2B4"", ""SLC22A7"", ""UGT2A3"", ""SLCO1B3"", ""SLC10A1"", ""NR0B2"", ""UGT2B10"", ""ABCG8"", ""UGT1A9"", ""ABCB11"", ""SLC5A1"", ""UGT2B17"", ""UGT1A6"", ""CFTR"", ""NR1H4"", ""CYP3A4"", ""ABCG5"", ""SLCO1B1"", ""UGT1A5"", ""SLC51A"")"
"156","hsa04977 Vitamin digestion and absorption",0.0469043151969981,0.333753916845066,0.287857117255149,-0.685223086471443,-1.58792716399068,21,"c(""APOA1"", ""APOB"", ""SLC19A3"")"
"157","hsa04978 Mineral absorption",0.450121654501217,0.812960645251008,0.0959206777921745,0.335272692779738,0.999819257954008,54,"c(""MT1H"", ""HEPHL1"", ""SLC8A2"", ""ATP1B4"", ""SLC26A9"", ""VDR"", ""HMOX1"")"
"158","hsa04979 Cholesterol metabolism",0.000687719246631414,0.0155228058525376,0.477270815362862,-0.733693100961668,-1.98574245965182,50,"c(""APOA1"", ""APOA2"", ""APOB"", ""APOC3"", ""ANGPTL3"", ""APOH"", ""ABCG8"", ""ABCB11"", ""ABCG5"", ""LPA"", ""SOAT2"", ""CYP7A1"", ""LPL"", ""LIPG"")"
